# Realistic warehouse model — irsim-devices Embree benchmark
# 50.0m × 30.0m × 6.0m · 3104 verts · 4692 tris
v 0.0000 0.0000 -0.1500
v 50.0000 0.0000 -0.1500
v 50.0000 30.0000 -0.1500
v 0.0000 30.0000 -0.1500
v 0.0000 0.0000 0.0000
v 50.0000 0.0000 0.0000
v 50.0000 30.0000 0.0000
v 0.0000 30.0000 0.0000
v 0.0000 0.0000 6.0000
v 50.0000 0.0000 6.0000
v 50.0000 30.0000 6.0000
v 0.0000 30.0000 6.0000
v 0.0000 0.0000 6.2000
v 50.0000 0.0000 6.2000
v 50.0000 30.0000 6.2000
v 0.0000 30.0000 6.2000
v -0.3000 -0.3000 0.0000
v 0.0000 -0.3000 0.0000
v 0.0000 30.3000 0.0000
v -0.3000 30.3000 0.0000
v -0.3000 -0.3000 6.0000
v 0.0000 -0.3000 6.0000
v 0.0000 30.3000 6.0000
v -0.3000 30.3000 6.0000
v 50.0000 -0.3000 0.0000
v 50.3000 -0.3000 0.0000
v 50.3000 30.3000 0.0000
v 50.0000 30.3000 0.0000
v 50.0000 -0.3000 6.0000
v 50.3000 -0.3000 6.0000
v 50.3000 30.3000 6.0000
v 50.0000 30.3000 6.0000
v 0.0000 30.0000 0.0000
v 50.0000 30.0000 0.0000
v 50.0000 30.3000 0.0000
v 0.0000 30.3000 0.0000
v 0.0000 30.0000 6.0000
v 50.0000 30.0000 6.0000
v 50.0000 30.3000 6.0000
v 0.0000 30.3000 6.0000
v 0.0000 -0.3000 0.0000
v 3.5000 -0.3000 0.0000
v 3.5000 0.0000 0.0000
v 0.0000 0.0000 0.0000
v 0.0000 -0.3000 6.0000
v 3.5000 -0.3000 6.0000
v 3.5000 0.0000 6.0000
v 0.0000 0.0000 6.0000
v 6.5000 -0.3000 0.0000
v 18.5000 -0.3000 0.0000
v 18.5000 0.0000 0.0000
v 6.5000 0.0000 0.0000
v 6.5000 -0.3000 6.0000
v 18.5000 -0.3000 6.0000
v 18.5000 0.0000 6.0000
v 6.5000 0.0000 6.0000
v 21.5000 -0.3000 0.0000
v 33.5000 -0.3000 0.0000
v 33.5000 0.0000 0.0000
v 21.5000 0.0000 0.0000
v 21.5000 -0.3000 6.0000
v 33.5000 -0.3000 6.0000
v 33.5000 0.0000 6.0000
v 21.5000 0.0000 6.0000
v 36.5000 -0.3000 0.0000
v 50.0000 -0.3000 0.0000
v 50.0000 0.0000 0.0000
v 36.5000 0.0000 0.0000
v 36.5000 -0.3000 6.0000
v 50.0000 -0.3000 6.0000
v 50.0000 0.0000 6.0000
v 36.5000 0.0000 6.0000
v 3.5000 -0.3000 3.5000
v 6.5000 -0.3000 3.5000
v 6.5000 0.0000 3.5000
v 3.5000 0.0000 3.5000
v 3.5000 -0.3000 6.0000
v 6.5000 -0.3000 6.0000
v 6.5000 0.0000 6.0000
v 3.5000 0.0000 6.0000
v 18.5000 -0.3000 3.5000
v 21.5000 -0.3000 3.5000
v 21.5000 0.0000 3.5000
v 18.5000 0.0000 3.5000
v 18.5000 -0.3000 6.0000
v 21.5000 -0.3000 6.0000
v 21.5000 0.0000 6.0000
v 18.5000 0.0000 6.0000
v 33.5000 -0.3000 3.5000
v 36.5000 -0.3000 3.5000
v 36.5000 0.0000 3.5000
v 33.5000 0.0000 3.5000
v 33.5000 -0.3000 6.0000
v 36.5000 -0.3000 6.0000
v 36.5000 0.0000 6.0000
v 33.5000 0.0000 6.0000
v 9.7000 7.2000 0.0000
v 10.3000 7.2000 0.0000
v 10.3000 7.8000 0.0000
v 9.7000 7.8000 0.0000
v 9.7000 7.2000 6.0000
v 10.3000 7.2000 6.0000
v 10.3000 7.8000 6.0000
v 9.7000 7.8000 6.0000
v 9.7000 14.7000 0.0000
v 10.3000 14.7000 0.0000
v 10.3000 15.3000 0.0000
v 9.7000 15.3000 0.0000
v 9.7000 14.7000 6.0000
v 10.3000 14.7000 6.0000
v 10.3000 15.3000 6.0000
v 9.7000 15.3000 6.0000
v 9.7000 22.2000 0.0000
v 10.3000 22.2000 0.0000
v 10.3000 22.8000 0.0000
v 9.7000 22.8000 0.0000
v 9.7000 22.2000 6.0000
v 10.3000 22.2000 6.0000
v 10.3000 22.8000 6.0000
v 9.7000 22.8000 6.0000
v 19.7000 7.2000 0.0000
v 20.3000 7.2000 0.0000
v 20.3000 7.8000 0.0000
v 19.7000 7.8000 0.0000
v 19.7000 7.2000 6.0000
v 20.3000 7.2000 6.0000
v 20.3000 7.8000 6.0000
v 19.7000 7.8000 6.0000
v 19.7000 14.7000 0.0000
v 20.3000 14.7000 0.0000
v 20.3000 15.3000 0.0000
v 19.7000 15.3000 0.0000
v 19.7000 14.7000 6.0000
v 20.3000 14.7000 6.0000
v 20.3000 15.3000 6.0000
v 19.7000 15.3000 6.0000
v 19.7000 22.2000 0.0000
v 20.3000 22.2000 0.0000
v 20.3000 22.8000 0.0000
v 19.7000 22.8000 0.0000
v 19.7000 22.2000 6.0000
v 20.3000 22.2000 6.0000
v 20.3000 22.8000 6.0000
v 19.7000 22.8000 6.0000
v 29.7000 7.2000 0.0000
v 30.3000 7.2000 0.0000
v 30.3000 7.8000 0.0000
v 29.7000 7.8000 0.0000
v 29.7000 7.2000 6.0000
v 30.3000 7.2000 6.0000
v 30.3000 7.8000 6.0000
v 29.7000 7.8000 6.0000
v 29.7000 14.7000 0.0000
v 30.3000 14.7000 0.0000
v 30.3000 15.3000 0.0000
v 29.7000 15.3000 0.0000
v 29.7000 14.7000 6.0000
v 30.3000 14.7000 6.0000
v 30.3000 15.3000 6.0000
v 29.7000 15.3000 6.0000
v 29.7000 22.2000 0.0000
v 30.3000 22.2000 0.0000
v 30.3000 22.8000 0.0000
v 29.7000 22.8000 0.0000
v 29.7000 22.2000 6.0000
v 30.3000 22.2000 6.0000
v 30.3000 22.8000 6.0000
v 29.7000 22.8000 6.0000
v 39.7000 7.2000 0.0000
v 40.3000 7.2000 0.0000
v 40.3000 7.8000 0.0000
v 39.7000 7.8000 0.0000
v 39.7000 7.2000 6.0000
v 40.3000 7.2000 6.0000
v 40.3000 7.8000 6.0000
v 39.7000 7.8000 6.0000
v 39.7000 14.7000 0.0000
v 40.3000 14.7000 0.0000
v 40.3000 15.3000 0.0000
v 39.7000 15.3000 0.0000
v 39.7000 14.7000 6.0000
v 40.3000 14.7000 6.0000
v 40.3000 15.3000 6.0000
v 39.7000 15.3000 6.0000
v 39.7000 22.2000 0.0000
v 40.3000 22.2000 0.0000
v 40.3000 22.8000 0.0000
v 39.7000 22.8000 0.0000
v 39.7000 22.2000 6.0000
v 40.3000 22.2000 6.0000
v 40.3000 22.8000 6.0000
v 39.7000 22.8000 6.0000
v 0.0000 7.3500 5.5000
v 50.0000 7.3500 5.5000
v 50.0000 7.6500 5.5000
v 0.0000 7.6500 5.5000
v 0.0000 7.3500 6.0000
v 50.0000 7.3500 6.0000
v 50.0000 7.6500 6.0000
v 0.0000 7.6500 6.0000
v 0.0000 14.8500 5.5000
v 50.0000 14.8500 5.5000
v 50.0000 15.1500 5.5000
v 0.0000 15.1500 5.5000
v 0.0000 14.8500 6.0000
v 50.0000 14.8500 6.0000
v 50.0000 15.1500 6.0000
v 0.0000 15.1500 6.0000
v 0.0000 22.3500 5.5000
v 50.0000 22.3500 5.5000
v 50.0000 22.6500 5.5000
v 0.0000 22.6500 5.5000
v 0.0000 22.3500 6.0000
v 50.0000 22.3500 6.0000
v 50.0000 22.6500 6.0000
v 0.0000 22.6500 6.0000
v 9.8500 0.0000 5.5000
v 10.1500 0.0000 5.5000
v 10.1500 30.0000 5.5000
v 9.8500 30.0000 5.5000
v 9.8500 0.0000 6.0000
v 10.1500 0.0000 6.0000
v 10.1500 30.0000 6.0000
v 9.8500 30.0000 6.0000
v 19.8500 0.0000 5.5000
v 20.1500 0.0000 5.5000
v 20.1500 30.0000 5.5000
v 19.8500 30.0000 5.5000
v 19.8500 0.0000 6.0000
v 20.1500 0.0000 6.0000
v 20.1500 30.0000 6.0000
v 19.8500 30.0000 6.0000
v 29.8500 0.0000 5.5000
v 30.1500 0.0000 5.5000
v 30.1500 30.0000 5.5000
v 29.8500 30.0000 5.5000
v 29.8500 0.0000 6.0000
v 30.1500 0.0000 6.0000
v 30.1500 30.0000 6.0000
v 29.8500 30.0000 6.0000
v 39.8500 0.0000 5.5000
v 40.1500 0.0000 5.5000
v 40.1500 30.0000 5.5000
v 39.8500 30.0000 5.5000
v 39.8500 0.0000 6.0000
v 40.1500 0.0000 6.0000
v 40.1500 30.0000 6.0000
v 39.8500 30.0000 6.0000
v 2.0000 3.9000 0.0000
v 2.0800 3.9000 0.0000
v 2.0800 5.1000 0.0000
v 2.0000 5.1000 0.0000
v 2.0000 3.9000 5.0000
v 2.0800 3.9000 5.0000
v 2.0800 5.1000 5.0000
v 2.0000 5.1000 5.0000
v 13.9200 3.9000 0.0000
v 14.0000 3.9000 0.0000
v 14.0000 5.1000 0.0000
v 13.9200 5.1000 0.0000
v 13.9200 3.9000 5.0000
v 14.0000 3.9000 5.0000
v 14.0000 5.1000 5.0000
v 13.9200 5.1000 5.0000
v 3.9600 3.9000 0.0000
v 4.0400 3.9000 0.0000
v 4.0400 5.1000 0.0000
v 3.9600 5.1000 0.0000
v 3.9600 3.9000 5.0000
v 4.0400 3.9000 5.0000
v 4.0400 5.1000 5.0000
v 3.9600 5.1000 5.0000
v 5.9600 3.9000 0.0000
v 6.0400 3.9000 0.0000
v 6.0400 5.1000 0.0000
v 5.9600 5.1000 0.0000
v 5.9600 3.9000 5.0000
v 6.0400 3.9000 5.0000
v 6.0400 5.1000 5.0000
v 5.9600 5.1000 5.0000
v 7.9600 3.9000 0.0000
v 8.0400 3.9000 0.0000
v 8.0400 5.1000 0.0000
v 7.9600 5.1000 0.0000
v 7.9600 3.9000 5.0000
v 8.0400 3.9000 5.0000
v 8.0400 5.1000 5.0000
v 7.9600 5.1000 5.0000
v 9.9600 3.9000 0.0000
v 10.0400 3.9000 0.0000
v 10.0400 5.1000 0.0000
v 9.9600 5.1000 0.0000
v 9.9600 3.9000 5.0000
v 10.0400 3.9000 5.0000
v 10.0400 5.1000 5.0000
v 9.9600 5.1000 5.0000
v 11.9600 3.9000 0.0000
v 12.0400 3.9000 0.0000
v 12.0400 5.1000 0.0000
v 11.9600 5.1000 0.0000
v 11.9600 3.9000 5.0000
v 12.0400 3.9000 5.0000
v 12.0400 5.1000 5.0000
v 11.9600 5.1000 5.0000
v 2.0000 3.9000 0.9600
v 14.0000 3.9000 0.9600
v 14.0000 5.1000 0.9600
v 2.0000 5.1000 0.9600
v 2.0000 3.9000 1.0000
v 14.0000 3.9000 1.0000
v 14.0000 5.1000 1.0000
v 2.0000 5.1000 1.0000
v 2.0000 3.9000 1.9600
v 14.0000 3.9000 1.9600
v 14.0000 5.1000 1.9600
v 2.0000 5.1000 1.9600
v 2.0000 3.9000 2.0000
v 14.0000 3.9000 2.0000
v 14.0000 5.1000 2.0000
v 2.0000 5.1000 2.0000
v 2.0000 3.9000 2.9600
v 14.0000 3.9000 2.9600
v 14.0000 5.1000 2.9600
v 2.0000 5.1000 2.9600
v 2.0000 3.9000 3.0000
v 14.0000 3.9000 3.0000
v 14.0000 5.1000 3.0000
v 2.0000 5.1000 3.0000
v 2.0000 3.9000 3.9600
v 14.0000 3.9000 3.9600
v 14.0000 5.1000 3.9600
v 2.0000 5.1000 3.9600
v 2.0000 3.9000 4.0000
v 14.0000 3.9000 4.0000
v 14.0000 5.1000 4.0000
v 2.0000 5.1000 4.0000
v 2.0000 3.9000 0.0000
v 14.0000 3.9000 0.0000
v 14.0000 3.9600 0.0000
v 2.0000 3.9600 0.0000
v 2.0000 3.9000 5.0000
v 14.0000 3.9000 5.0000
v 14.0000 3.9600 5.0000
v 2.0000 3.9600 5.0000
v 2.1000 4.0000 1.0000
v 3.8000 4.0000 1.0000
v 3.8000 5.0000 1.0000
v 2.1000 5.0000 1.0000
v 2.1000 4.0000 1.7000
v 3.8000 4.0000 1.7000
v 3.8000 5.0000 1.7000
v 2.1000 5.0000 1.7000
v 4.1000 4.0000 1.0000
v 5.8000 4.0000 1.0000
v 5.8000 5.0000 1.0000
v 4.1000 5.0000 1.0000
v 4.1000 4.0000 1.7000
v 5.8000 4.0000 1.7000
v 5.8000 5.0000 1.7000
v 4.1000 5.0000 1.7000
v 6.1000 4.0000 1.0000
v 7.8000 4.0000 1.0000
v 7.8000 5.0000 1.0000
v 6.1000 5.0000 1.0000
v 6.1000 4.0000 1.7000
v 7.8000 4.0000 1.7000
v 7.8000 5.0000 1.7000
v 6.1000 5.0000 1.7000
v 8.1000 4.0000 1.0000
v 9.8000 4.0000 1.0000
v 9.8000 5.0000 1.0000
v 8.1000 5.0000 1.0000
v 8.1000 4.0000 1.7000
v 9.8000 4.0000 1.7000
v 9.8000 5.0000 1.7000
v 8.1000 5.0000 1.7000
v 10.1000 4.0000 1.0000
v 11.8000 4.0000 1.0000
v 11.8000 5.0000 1.0000
v 10.1000 5.0000 1.0000
v 10.1000 4.0000 1.7000
v 11.8000 4.0000 1.7000
v 11.8000 5.0000 1.7000
v 10.1000 5.0000 1.7000
v 12.1000 4.0000 1.0000
v 13.8000 4.0000 1.0000
v 13.8000 5.0000 1.0000
v 12.1000 5.0000 1.0000
v 12.1000 4.0000 1.7000
v 13.8000 4.0000 1.7000
v 13.8000 5.0000 1.7000
v 12.1000 5.0000 1.7000
v 2.1000 4.0000 2.0000
v 3.8000 4.0000 2.0000
v 3.8000 5.0000 2.0000
v 2.1000 5.0000 2.0000
v 2.1000 4.0000 2.7000
v 3.8000 4.0000 2.7000
v 3.8000 5.0000 2.7000
v 2.1000 5.0000 2.7000
v 4.1000 4.0000 2.0000
v 5.8000 4.0000 2.0000
v 5.8000 5.0000 2.0000
v 4.1000 5.0000 2.0000
v 4.1000 4.0000 2.7000
v 5.8000 4.0000 2.7000
v 5.8000 5.0000 2.7000
v 4.1000 5.0000 2.7000
v 6.1000 4.0000 2.0000
v 7.8000 4.0000 2.0000
v 7.8000 5.0000 2.0000
v 6.1000 5.0000 2.0000
v 6.1000 4.0000 2.7000
v 7.8000 4.0000 2.7000
v 7.8000 5.0000 2.7000
v 6.1000 5.0000 2.7000
v 8.1000 4.0000 2.0000
v 9.8000 4.0000 2.0000
v 9.8000 5.0000 2.0000
v 8.1000 5.0000 2.0000
v 8.1000 4.0000 2.7000
v 9.8000 4.0000 2.7000
v 9.8000 5.0000 2.7000
v 8.1000 5.0000 2.7000
v 10.1000 4.0000 2.0000
v 11.8000 4.0000 2.0000
v 11.8000 5.0000 2.0000
v 10.1000 5.0000 2.0000
v 10.1000 4.0000 2.7000
v 11.8000 4.0000 2.7000
v 11.8000 5.0000 2.7000
v 10.1000 5.0000 2.7000
v 12.1000 4.0000 2.0000
v 13.8000 4.0000 2.0000
v 13.8000 5.0000 2.0000
v 12.1000 5.0000 2.0000
v 12.1000 4.0000 2.7000
v 13.8000 4.0000 2.7000
v 13.8000 5.0000 2.7000
v 12.1000 5.0000 2.7000
v 2.1000 4.0000 3.0000
v 3.8000 4.0000 3.0000
v 3.8000 5.0000 3.0000
v 2.1000 5.0000 3.0000
v 2.1000 4.0000 3.7000
v 3.8000 4.0000 3.7000
v 3.8000 5.0000 3.7000
v 2.1000 5.0000 3.7000
v 4.1000 4.0000 3.0000
v 5.8000 4.0000 3.0000
v 5.8000 5.0000 3.0000
v 4.1000 5.0000 3.0000
v 4.1000 4.0000 3.7000
v 5.8000 4.0000 3.7000
v 5.8000 5.0000 3.7000
v 4.1000 5.0000 3.7000
v 6.1000 4.0000 3.0000
v 7.8000 4.0000 3.0000
v 7.8000 5.0000 3.0000
v 6.1000 5.0000 3.0000
v 6.1000 4.0000 3.7000
v 7.8000 4.0000 3.7000
v 7.8000 5.0000 3.7000
v 6.1000 5.0000 3.7000
v 8.1000 4.0000 3.0000
v 9.8000 4.0000 3.0000
v 9.8000 5.0000 3.0000
v 8.1000 5.0000 3.0000
v 8.1000 4.0000 3.7000
v 9.8000 4.0000 3.7000
v 9.8000 5.0000 3.7000
v 8.1000 5.0000 3.7000
v 10.1000 4.0000 3.0000
v 11.8000 4.0000 3.0000
v 11.8000 5.0000 3.0000
v 10.1000 5.0000 3.0000
v 10.1000 4.0000 3.7000
v 11.8000 4.0000 3.7000
v 11.8000 5.0000 3.7000
v 10.1000 5.0000 3.7000
v 12.1000 4.0000 3.0000
v 13.8000 4.0000 3.0000
v 13.8000 5.0000 3.0000
v 12.1000 5.0000 3.0000
v 12.1000 4.0000 3.7000
v 13.8000 4.0000 3.7000
v 13.8000 5.0000 3.7000
v 12.1000 5.0000 3.7000
v 2.1000 4.0000 4.0000
v 3.8000 4.0000 4.0000
v 3.8000 5.0000 4.0000
v 2.1000 5.0000 4.0000
v 2.1000 4.0000 4.7000
v 3.8000 4.0000 4.7000
v 3.8000 5.0000 4.7000
v 2.1000 5.0000 4.7000
v 4.1000 4.0000 4.0000
v 5.8000 4.0000 4.0000
v 5.8000 5.0000 4.0000
v 4.1000 5.0000 4.0000
v 4.1000 4.0000 4.7000
v 5.8000 4.0000 4.7000
v 5.8000 5.0000 4.7000
v 4.1000 5.0000 4.7000
v 6.1000 4.0000 4.0000
v 7.8000 4.0000 4.0000
v 7.8000 5.0000 4.0000
v 6.1000 5.0000 4.0000
v 6.1000 4.0000 4.7000
v 7.8000 4.0000 4.7000
v 7.8000 5.0000 4.7000
v 6.1000 5.0000 4.7000
v 8.1000 4.0000 4.0000
v 9.8000 4.0000 4.0000
v 9.8000 5.0000 4.0000
v 8.1000 5.0000 4.0000
v 8.1000 4.0000 4.7000
v 9.8000 4.0000 4.7000
v 9.8000 5.0000 4.7000
v 8.1000 5.0000 4.7000
v 10.1000 4.0000 4.0000
v 11.8000 4.0000 4.0000
v 11.8000 5.0000 4.0000
v 10.1000 5.0000 4.0000
v 10.1000 4.0000 4.7000
v 11.8000 4.0000 4.7000
v 11.8000 5.0000 4.7000
v 10.1000 5.0000 4.7000
v 12.1000 4.0000 4.0000
v 13.8000 4.0000 4.0000
v 13.8000 5.0000 4.0000
v 12.1000 5.0000 4.0000
v 12.1000 4.0000 4.7000
v 13.8000 4.0000 4.7000
v 13.8000 5.0000 4.7000
v 12.1000 5.0000 4.7000
v 2.0000 10.4000 0.0000
v 2.0800 10.4000 0.0000
v 2.0800 11.6000 0.0000
v 2.0000 11.6000 0.0000
v 2.0000 10.4000 5.0000
v 2.0800 10.4000 5.0000
v 2.0800 11.6000 5.0000
v 2.0000 11.6000 5.0000
v 13.9200 10.4000 0.0000
v 14.0000 10.4000 0.0000
v 14.0000 11.6000 0.0000
v 13.9200 11.6000 0.0000
v 13.9200 10.4000 5.0000
v 14.0000 10.4000 5.0000
v 14.0000 11.6000 5.0000
v 13.9200 11.6000 5.0000
v 3.9600 10.4000 0.0000
v 4.0400 10.4000 0.0000
v 4.0400 11.6000 0.0000
v 3.9600 11.6000 0.0000
v 3.9600 10.4000 5.0000
v 4.0400 10.4000 5.0000
v 4.0400 11.6000 5.0000
v 3.9600 11.6000 5.0000
v 5.9600 10.4000 0.0000
v 6.0400 10.4000 0.0000
v 6.0400 11.6000 0.0000
v 5.9600 11.6000 0.0000
v 5.9600 10.4000 5.0000
v 6.0400 10.4000 5.0000
v 6.0400 11.6000 5.0000
v 5.9600 11.6000 5.0000
v 7.9600 10.4000 0.0000
v 8.0400 10.4000 0.0000
v 8.0400 11.6000 0.0000
v 7.9600 11.6000 0.0000
v 7.9600 10.4000 5.0000
v 8.0400 10.4000 5.0000
v 8.0400 11.6000 5.0000
v 7.9600 11.6000 5.0000
v 9.9600 10.4000 0.0000
v 10.0400 10.4000 0.0000
v 10.0400 11.6000 0.0000
v 9.9600 11.6000 0.0000
v 9.9600 10.4000 5.0000
v 10.0400 10.4000 5.0000
v 10.0400 11.6000 5.0000
v 9.9600 11.6000 5.0000
v 11.9600 10.4000 0.0000
v 12.0400 10.4000 0.0000
v 12.0400 11.6000 0.0000
v 11.9600 11.6000 0.0000
v 11.9600 10.4000 5.0000
v 12.0400 10.4000 5.0000
v 12.0400 11.6000 5.0000
v 11.9600 11.6000 5.0000
v 2.0000 10.4000 0.9600
v 14.0000 10.4000 0.9600
v 14.0000 11.6000 0.9600
v 2.0000 11.6000 0.9600
v 2.0000 10.4000 1.0000
v 14.0000 10.4000 1.0000
v 14.0000 11.6000 1.0000
v 2.0000 11.6000 1.0000
v 2.0000 10.4000 1.9600
v 14.0000 10.4000 1.9600
v 14.0000 11.6000 1.9600
v 2.0000 11.6000 1.9600
v 2.0000 10.4000 2.0000
v 14.0000 10.4000 2.0000
v 14.0000 11.6000 2.0000
v 2.0000 11.6000 2.0000
v 2.0000 10.4000 2.9600
v 14.0000 10.4000 2.9600
v 14.0000 11.6000 2.9600
v 2.0000 11.6000 2.9600
v 2.0000 10.4000 3.0000
v 14.0000 10.4000 3.0000
v 14.0000 11.6000 3.0000
v 2.0000 11.6000 3.0000
v 2.0000 10.4000 3.9600
v 14.0000 10.4000 3.9600
v 14.0000 11.6000 3.9600
v 2.0000 11.6000 3.9600
v 2.0000 10.4000 4.0000
v 14.0000 10.4000 4.0000
v 14.0000 11.6000 4.0000
v 2.0000 11.6000 4.0000
v 2.0000 10.4000 0.0000
v 14.0000 10.4000 0.0000
v 14.0000 10.4600 0.0000
v 2.0000 10.4600 0.0000
v 2.0000 10.4000 5.0000
v 14.0000 10.4000 5.0000
v 14.0000 10.4600 5.0000
v 2.0000 10.4600 5.0000
v 2.1000 10.5000 1.0000
v 3.8000 10.5000 1.0000
v 3.8000 11.5000 1.0000
v 2.1000 11.5000 1.0000
v 2.1000 10.5000 1.7000
v 3.8000 10.5000 1.7000
v 3.8000 11.5000 1.7000
v 2.1000 11.5000 1.7000
v 4.1000 10.5000 1.0000
v 5.8000 10.5000 1.0000
v 5.8000 11.5000 1.0000
v 4.1000 11.5000 1.0000
v 4.1000 10.5000 1.7000
v 5.8000 10.5000 1.7000
v 5.8000 11.5000 1.7000
v 4.1000 11.5000 1.7000
v 6.1000 10.5000 1.0000
v 7.8000 10.5000 1.0000
v 7.8000 11.5000 1.0000
v 6.1000 11.5000 1.0000
v 6.1000 10.5000 1.7000
v 7.8000 10.5000 1.7000
v 7.8000 11.5000 1.7000
v 6.1000 11.5000 1.7000
v 8.1000 10.5000 1.0000
v 9.8000 10.5000 1.0000
v 9.8000 11.5000 1.0000
v 8.1000 11.5000 1.0000
v 8.1000 10.5000 1.7000
v 9.8000 10.5000 1.7000
v 9.8000 11.5000 1.7000
v 8.1000 11.5000 1.7000
v 10.1000 10.5000 1.0000
v 11.8000 10.5000 1.0000
v 11.8000 11.5000 1.0000
v 10.1000 11.5000 1.0000
v 10.1000 10.5000 1.7000
v 11.8000 10.5000 1.7000
v 11.8000 11.5000 1.7000
v 10.1000 11.5000 1.7000
v 12.1000 10.5000 1.0000
v 13.8000 10.5000 1.0000
v 13.8000 11.5000 1.0000
v 12.1000 11.5000 1.0000
v 12.1000 10.5000 1.7000
v 13.8000 10.5000 1.7000
v 13.8000 11.5000 1.7000
v 12.1000 11.5000 1.7000
v 2.1000 10.5000 2.0000
v 3.8000 10.5000 2.0000
v 3.8000 11.5000 2.0000
v 2.1000 11.5000 2.0000
v 2.1000 10.5000 2.7000
v 3.8000 10.5000 2.7000
v 3.8000 11.5000 2.7000
v 2.1000 11.5000 2.7000
v 4.1000 10.5000 2.0000
v 5.8000 10.5000 2.0000
v 5.8000 11.5000 2.0000
v 4.1000 11.5000 2.0000
v 4.1000 10.5000 2.7000
v 5.8000 10.5000 2.7000
v 5.8000 11.5000 2.7000
v 4.1000 11.5000 2.7000
v 6.1000 10.5000 2.0000
v 7.8000 10.5000 2.0000
v 7.8000 11.5000 2.0000
v 6.1000 11.5000 2.0000
v 6.1000 10.5000 2.7000
v 7.8000 10.5000 2.7000
v 7.8000 11.5000 2.7000
v 6.1000 11.5000 2.7000
v 8.1000 10.5000 2.0000
v 9.8000 10.5000 2.0000
v 9.8000 11.5000 2.0000
v 8.1000 11.5000 2.0000
v 8.1000 10.5000 2.7000
v 9.8000 10.5000 2.7000
v 9.8000 11.5000 2.7000
v 8.1000 11.5000 2.7000
v 10.1000 10.5000 2.0000
v 11.8000 10.5000 2.0000
v 11.8000 11.5000 2.0000
v 10.1000 11.5000 2.0000
v 10.1000 10.5000 2.7000
v 11.8000 10.5000 2.7000
v 11.8000 11.5000 2.7000
v 10.1000 11.5000 2.7000
v 12.1000 10.5000 2.0000
v 13.8000 10.5000 2.0000
v 13.8000 11.5000 2.0000
v 12.1000 11.5000 2.0000
v 12.1000 10.5000 2.7000
v 13.8000 10.5000 2.7000
v 13.8000 11.5000 2.7000
v 12.1000 11.5000 2.7000
v 2.1000 10.5000 3.0000
v 3.8000 10.5000 3.0000
v 3.8000 11.5000 3.0000
v 2.1000 11.5000 3.0000
v 2.1000 10.5000 3.7000
v 3.8000 10.5000 3.7000
v 3.8000 11.5000 3.7000
v 2.1000 11.5000 3.7000
v 4.1000 10.5000 3.0000
v 5.8000 10.5000 3.0000
v 5.8000 11.5000 3.0000
v 4.1000 11.5000 3.0000
v 4.1000 10.5000 3.7000
v 5.8000 10.5000 3.7000
v 5.8000 11.5000 3.7000
v 4.1000 11.5000 3.7000
v 6.1000 10.5000 3.0000
v 7.8000 10.5000 3.0000
v 7.8000 11.5000 3.0000
v 6.1000 11.5000 3.0000
v 6.1000 10.5000 3.7000
v 7.8000 10.5000 3.7000
v 7.8000 11.5000 3.7000
v 6.1000 11.5000 3.7000
v 8.1000 10.5000 3.0000
v 9.8000 10.5000 3.0000
v 9.8000 11.5000 3.0000
v 8.1000 11.5000 3.0000
v 8.1000 10.5000 3.7000
v 9.8000 10.5000 3.7000
v 9.8000 11.5000 3.7000
v 8.1000 11.5000 3.7000
v 10.1000 10.5000 3.0000
v 11.8000 10.5000 3.0000
v 11.8000 11.5000 3.0000
v 10.1000 11.5000 3.0000
v 10.1000 10.5000 3.7000
v 11.8000 10.5000 3.7000
v 11.8000 11.5000 3.7000
v 10.1000 11.5000 3.7000
v 12.1000 10.5000 3.0000
v 13.8000 10.5000 3.0000
v 13.8000 11.5000 3.0000
v 12.1000 11.5000 3.0000
v 12.1000 10.5000 3.7000
v 13.8000 10.5000 3.7000
v 13.8000 11.5000 3.7000
v 12.1000 11.5000 3.7000
v 2.1000 10.5000 4.0000
v 3.8000 10.5000 4.0000
v 3.8000 11.5000 4.0000
v 2.1000 11.5000 4.0000
v 2.1000 10.5000 4.7000
v 3.8000 10.5000 4.7000
v 3.8000 11.5000 4.7000
v 2.1000 11.5000 4.7000
v 4.1000 10.5000 4.0000
v 5.8000 10.5000 4.0000
v 5.8000 11.5000 4.0000
v 4.1000 11.5000 4.0000
v 4.1000 10.5000 4.7000
v 5.8000 10.5000 4.7000
v 5.8000 11.5000 4.7000
v 4.1000 11.5000 4.7000
v 6.1000 10.5000 4.0000
v 7.8000 10.5000 4.0000
v 7.8000 11.5000 4.0000
v 6.1000 11.5000 4.0000
v 6.1000 10.5000 4.7000
v 7.8000 10.5000 4.7000
v 7.8000 11.5000 4.7000
v 6.1000 11.5000 4.7000
v 8.1000 10.5000 4.0000
v 9.8000 10.5000 4.0000
v 9.8000 11.5000 4.0000
v 8.1000 11.5000 4.0000
v 8.1000 10.5000 4.7000
v 9.8000 10.5000 4.7000
v 9.8000 11.5000 4.7000
v 8.1000 11.5000 4.7000
v 10.1000 10.5000 4.0000
v 11.8000 10.5000 4.0000
v 11.8000 11.5000 4.0000
v 10.1000 11.5000 4.0000
v 10.1000 10.5000 4.7000
v 11.8000 10.5000 4.7000
v 11.8000 11.5000 4.7000
v 10.1000 11.5000 4.7000
v 12.1000 10.5000 4.0000
v 13.8000 10.5000 4.0000
v 13.8000 11.5000 4.0000
v 12.1000 11.5000 4.0000
v 12.1000 10.5000 4.7000
v 13.8000 10.5000 4.7000
v 13.8000 11.5000 4.7000
v 12.1000 11.5000 4.7000
v 2.0000 17.4000 0.0000
v 2.0800 17.4000 0.0000
v 2.0800 18.6000 0.0000
v 2.0000 18.6000 0.0000
v 2.0000 17.4000 5.0000
v 2.0800 17.4000 5.0000
v 2.0800 18.6000 5.0000
v 2.0000 18.6000 5.0000
v 13.9200 17.4000 0.0000
v 14.0000 17.4000 0.0000
v 14.0000 18.6000 0.0000
v 13.9200 18.6000 0.0000
v 13.9200 17.4000 5.0000
v 14.0000 17.4000 5.0000
v 14.0000 18.6000 5.0000
v 13.9200 18.6000 5.0000
v 3.9600 17.4000 0.0000
v 4.0400 17.4000 0.0000
v 4.0400 18.6000 0.0000
v 3.9600 18.6000 0.0000
v 3.9600 17.4000 5.0000
v 4.0400 17.4000 5.0000
v 4.0400 18.6000 5.0000
v 3.9600 18.6000 5.0000
v 5.9600 17.4000 0.0000
v 6.0400 17.4000 0.0000
v 6.0400 18.6000 0.0000
v 5.9600 18.6000 0.0000
v 5.9600 17.4000 5.0000
v 6.0400 17.4000 5.0000
v 6.0400 18.6000 5.0000
v 5.9600 18.6000 5.0000
v 7.9600 17.4000 0.0000
v 8.0400 17.4000 0.0000
v 8.0400 18.6000 0.0000
v 7.9600 18.6000 0.0000
v 7.9600 17.4000 5.0000
v 8.0400 17.4000 5.0000
v 8.0400 18.6000 5.0000
v 7.9600 18.6000 5.0000
v 9.9600 17.4000 0.0000
v 10.0400 17.4000 0.0000
v 10.0400 18.6000 0.0000
v 9.9600 18.6000 0.0000
v 9.9600 17.4000 5.0000
v 10.0400 17.4000 5.0000
v 10.0400 18.6000 5.0000
v 9.9600 18.6000 5.0000
v 11.9600 17.4000 0.0000
v 12.0400 17.4000 0.0000
v 12.0400 18.6000 0.0000
v 11.9600 18.6000 0.0000
v 11.9600 17.4000 5.0000
v 12.0400 17.4000 5.0000
v 12.0400 18.6000 5.0000
v 11.9600 18.6000 5.0000
v 2.0000 17.4000 0.9600
v 14.0000 17.4000 0.9600
v 14.0000 18.6000 0.9600
v 2.0000 18.6000 0.9600
v 2.0000 17.4000 1.0000
v 14.0000 17.4000 1.0000
v 14.0000 18.6000 1.0000
v 2.0000 18.6000 1.0000
v 2.0000 17.4000 1.9600
v 14.0000 17.4000 1.9600
v 14.0000 18.6000 1.9600
v 2.0000 18.6000 1.9600
v 2.0000 17.4000 2.0000
v 14.0000 17.4000 2.0000
v 14.0000 18.6000 2.0000
v 2.0000 18.6000 2.0000
v 2.0000 17.4000 2.9600
v 14.0000 17.4000 2.9600
v 14.0000 18.6000 2.9600
v 2.0000 18.6000 2.9600
v 2.0000 17.4000 3.0000
v 14.0000 17.4000 3.0000
v 14.0000 18.6000 3.0000
v 2.0000 18.6000 3.0000
v 2.0000 17.4000 3.9600
v 14.0000 17.4000 3.9600
v 14.0000 18.6000 3.9600
v 2.0000 18.6000 3.9600
v 2.0000 17.4000 4.0000
v 14.0000 17.4000 4.0000
v 14.0000 18.6000 4.0000
v 2.0000 18.6000 4.0000
v 2.0000 17.4000 0.0000
v 14.0000 17.4000 0.0000
v 14.0000 17.4600 0.0000
v 2.0000 17.4600 0.0000
v 2.0000 17.4000 5.0000
v 14.0000 17.4000 5.0000
v 14.0000 17.4600 5.0000
v 2.0000 17.4600 5.0000
v 2.1000 17.5000 1.0000
v 3.8000 17.5000 1.0000
v 3.8000 18.5000 1.0000
v 2.1000 18.5000 1.0000
v 2.1000 17.5000 1.7000
v 3.8000 17.5000 1.7000
v 3.8000 18.5000 1.7000
v 2.1000 18.5000 1.7000
v 4.1000 17.5000 1.0000
v 5.8000 17.5000 1.0000
v 5.8000 18.5000 1.0000
v 4.1000 18.5000 1.0000
v 4.1000 17.5000 1.7000
v 5.8000 17.5000 1.7000
v 5.8000 18.5000 1.7000
v 4.1000 18.5000 1.7000
v 6.1000 17.5000 1.0000
v 7.8000 17.5000 1.0000
v 7.8000 18.5000 1.0000
v 6.1000 18.5000 1.0000
v 6.1000 17.5000 1.7000
v 7.8000 17.5000 1.7000
v 7.8000 18.5000 1.7000
v 6.1000 18.5000 1.7000
v 8.1000 17.5000 1.0000
v 9.8000 17.5000 1.0000
v 9.8000 18.5000 1.0000
v 8.1000 18.5000 1.0000
v 8.1000 17.5000 1.7000
v 9.8000 17.5000 1.7000
v 9.8000 18.5000 1.7000
v 8.1000 18.5000 1.7000
v 10.1000 17.5000 1.0000
v 11.8000 17.5000 1.0000
v 11.8000 18.5000 1.0000
v 10.1000 18.5000 1.0000
v 10.1000 17.5000 1.7000
v 11.8000 17.5000 1.7000
v 11.8000 18.5000 1.7000
v 10.1000 18.5000 1.7000
v 12.1000 17.5000 1.0000
v 13.8000 17.5000 1.0000
v 13.8000 18.5000 1.0000
v 12.1000 18.5000 1.0000
v 12.1000 17.5000 1.7000
v 13.8000 17.5000 1.7000
v 13.8000 18.5000 1.7000
v 12.1000 18.5000 1.7000
v 2.1000 17.5000 2.0000
v 3.8000 17.5000 2.0000
v 3.8000 18.5000 2.0000
v 2.1000 18.5000 2.0000
v 2.1000 17.5000 2.7000
v 3.8000 17.5000 2.7000
v 3.8000 18.5000 2.7000
v 2.1000 18.5000 2.7000
v 4.1000 17.5000 2.0000
v 5.8000 17.5000 2.0000
v 5.8000 18.5000 2.0000
v 4.1000 18.5000 2.0000
v 4.1000 17.5000 2.7000
v 5.8000 17.5000 2.7000
v 5.8000 18.5000 2.7000
v 4.1000 18.5000 2.7000
v 6.1000 17.5000 2.0000
v 7.8000 17.5000 2.0000
v 7.8000 18.5000 2.0000
v 6.1000 18.5000 2.0000
v 6.1000 17.5000 2.7000
v 7.8000 17.5000 2.7000
v 7.8000 18.5000 2.7000
v 6.1000 18.5000 2.7000
v 8.1000 17.5000 2.0000
v 9.8000 17.5000 2.0000
v 9.8000 18.5000 2.0000
v 8.1000 18.5000 2.0000
v 8.1000 17.5000 2.7000
v 9.8000 17.5000 2.7000
v 9.8000 18.5000 2.7000
v 8.1000 18.5000 2.7000
v 10.1000 17.5000 2.0000
v 11.8000 17.5000 2.0000
v 11.8000 18.5000 2.0000
v 10.1000 18.5000 2.0000
v 10.1000 17.5000 2.7000
v 11.8000 17.5000 2.7000
v 11.8000 18.5000 2.7000
v 10.1000 18.5000 2.7000
v 12.1000 17.5000 2.0000
v 13.8000 17.5000 2.0000
v 13.8000 18.5000 2.0000
v 12.1000 18.5000 2.0000
v 12.1000 17.5000 2.7000
v 13.8000 17.5000 2.7000
v 13.8000 18.5000 2.7000
v 12.1000 18.5000 2.7000
v 2.1000 17.5000 3.0000
v 3.8000 17.5000 3.0000
v 3.8000 18.5000 3.0000
v 2.1000 18.5000 3.0000
v 2.1000 17.5000 3.7000
v 3.8000 17.5000 3.7000
v 3.8000 18.5000 3.7000
v 2.1000 18.5000 3.7000
v 4.1000 17.5000 3.0000
v 5.8000 17.5000 3.0000
v 5.8000 18.5000 3.0000
v 4.1000 18.5000 3.0000
v 4.1000 17.5000 3.7000
v 5.8000 17.5000 3.7000
v 5.8000 18.5000 3.7000
v 4.1000 18.5000 3.7000
v 6.1000 17.5000 3.0000
v 7.8000 17.5000 3.0000
v 7.8000 18.5000 3.0000
v 6.1000 18.5000 3.0000
v 6.1000 17.5000 3.7000
v 7.8000 17.5000 3.7000
v 7.8000 18.5000 3.7000
v 6.1000 18.5000 3.7000
v 8.1000 17.5000 3.0000
v 9.8000 17.5000 3.0000
v 9.8000 18.5000 3.0000
v 8.1000 18.5000 3.0000
v 8.1000 17.5000 3.7000
v 9.8000 17.5000 3.7000
v 9.8000 18.5000 3.7000
v 8.1000 18.5000 3.7000
v 10.1000 17.5000 3.0000
v 11.8000 17.5000 3.0000
v 11.8000 18.5000 3.0000
v 10.1000 18.5000 3.0000
v 10.1000 17.5000 3.7000
v 11.8000 17.5000 3.7000
v 11.8000 18.5000 3.7000
v 10.1000 18.5000 3.7000
v 12.1000 17.5000 3.0000
v 13.8000 17.5000 3.0000
v 13.8000 18.5000 3.0000
v 12.1000 18.5000 3.0000
v 12.1000 17.5000 3.7000
v 13.8000 17.5000 3.7000
v 13.8000 18.5000 3.7000
v 12.1000 18.5000 3.7000
v 2.1000 17.5000 4.0000
v 3.8000 17.5000 4.0000
v 3.8000 18.5000 4.0000
v 2.1000 18.5000 4.0000
v 2.1000 17.5000 4.7000
v 3.8000 17.5000 4.7000
v 3.8000 18.5000 4.7000
v 2.1000 18.5000 4.7000
v 4.1000 17.5000 4.0000
v 5.8000 17.5000 4.0000
v 5.8000 18.5000 4.0000
v 4.1000 18.5000 4.0000
v 4.1000 17.5000 4.7000
v 5.8000 17.5000 4.7000
v 5.8000 18.5000 4.7000
v 4.1000 18.5000 4.7000
v 6.1000 17.5000 4.0000
v 7.8000 17.5000 4.0000
v 7.8000 18.5000 4.0000
v 6.1000 18.5000 4.0000
v 6.1000 17.5000 4.7000
v 7.8000 17.5000 4.7000
v 7.8000 18.5000 4.7000
v 6.1000 18.5000 4.7000
v 8.1000 17.5000 4.0000
v 9.8000 17.5000 4.0000
v 9.8000 18.5000 4.0000
v 8.1000 18.5000 4.0000
v 8.1000 17.5000 4.7000
v 9.8000 17.5000 4.7000
v 9.8000 18.5000 4.7000
v 8.1000 18.5000 4.7000
v 10.1000 17.5000 4.0000
v 11.8000 17.5000 4.0000
v 11.8000 18.5000 4.0000
v 10.1000 18.5000 4.0000
v 10.1000 17.5000 4.7000
v 11.8000 17.5000 4.7000
v 11.8000 18.5000 4.7000
v 10.1000 18.5000 4.7000
v 12.1000 17.5000 4.0000
v 13.8000 17.5000 4.0000
v 13.8000 18.5000 4.0000
v 12.1000 18.5000 4.0000
v 12.1000 17.5000 4.7000
v 13.8000 17.5000 4.7000
v 13.8000 18.5000 4.7000
v 12.1000 18.5000 4.7000
v 2.0000 24.9000 0.0000
v 2.0800 24.9000 0.0000
v 2.0800 26.1000 0.0000
v 2.0000 26.1000 0.0000
v 2.0000 24.9000 5.0000
v 2.0800 24.9000 5.0000
v 2.0800 26.1000 5.0000
v 2.0000 26.1000 5.0000
v 13.9200 24.9000 0.0000
v 14.0000 24.9000 0.0000
v 14.0000 26.1000 0.0000
v 13.9200 26.1000 0.0000
v 13.9200 24.9000 5.0000
v 14.0000 24.9000 5.0000
v 14.0000 26.1000 5.0000
v 13.9200 26.1000 5.0000
v 3.9600 24.9000 0.0000
v 4.0400 24.9000 0.0000
v 4.0400 26.1000 0.0000
v 3.9600 26.1000 0.0000
v 3.9600 24.9000 5.0000
v 4.0400 24.9000 5.0000
v 4.0400 26.1000 5.0000
v 3.9600 26.1000 5.0000
v 5.9600 24.9000 0.0000
v 6.0400 24.9000 0.0000
v 6.0400 26.1000 0.0000
v 5.9600 26.1000 0.0000
v 5.9600 24.9000 5.0000
v 6.0400 24.9000 5.0000
v 6.0400 26.1000 5.0000
v 5.9600 26.1000 5.0000
v 7.9600 24.9000 0.0000
v 8.0400 24.9000 0.0000
v 8.0400 26.1000 0.0000
v 7.9600 26.1000 0.0000
v 7.9600 24.9000 5.0000
v 8.0400 24.9000 5.0000
v 8.0400 26.1000 5.0000
v 7.9600 26.1000 5.0000
v 9.9600 24.9000 0.0000
v 10.0400 24.9000 0.0000
v 10.0400 26.1000 0.0000
v 9.9600 26.1000 0.0000
v 9.9600 24.9000 5.0000
v 10.0400 24.9000 5.0000
v 10.0400 26.1000 5.0000
v 9.9600 26.1000 5.0000
v 11.9600 24.9000 0.0000
v 12.0400 24.9000 0.0000
v 12.0400 26.1000 0.0000
v 11.9600 26.1000 0.0000
v 11.9600 24.9000 5.0000
v 12.0400 24.9000 5.0000
v 12.0400 26.1000 5.0000
v 11.9600 26.1000 5.0000
v 2.0000 24.9000 0.9600
v 14.0000 24.9000 0.9600
v 14.0000 26.1000 0.9600
v 2.0000 26.1000 0.9600
v 2.0000 24.9000 1.0000
v 14.0000 24.9000 1.0000
v 14.0000 26.1000 1.0000
v 2.0000 26.1000 1.0000
v 2.0000 24.9000 1.9600
v 14.0000 24.9000 1.9600
v 14.0000 26.1000 1.9600
v 2.0000 26.1000 1.9600
v 2.0000 24.9000 2.0000
v 14.0000 24.9000 2.0000
v 14.0000 26.1000 2.0000
v 2.0000 26.1000 2.0000
v 2.0000 24.9000 2.9600
v 14.0000 24.9000 2.9600
v 14.0000 26.1000 2.9600
v 2.0000 26.1000 2.9600
v 2.0000 24.9000 3.0000
v 14.0000 24.9000 3.0000
v 14.0000 26.1000 3.0000
v 2.0000 26.1000 3.0000
v 2.0000 24.9000 3.9600
v 14.0000 24.9000 3.9600
v 14.0000 26.1000 3.9600
v 2.0000 26.1000 3.9600
v 2.0000 24.9000 4.0000
v 14.0000 24.9000 4.0000
v 14.0000 26.1000 4.0000
v 2.0000 26.1000 4.0000
v 2.0000 24.9000 0.0000
v 14.0000 24.9000 0.0000
v 14.0000 24.9600 0.0000
v 2.0000 24.9600 0.0000
v 2.0000 24.9000 5.0000
v 14.0000 24.9000 5.0000
v 14.0000 24.9600 5.0000
v 2.0000 24.9600 5.0000
v 2.1000 25.0000 1.0000
v 3.8000 25.0000 1.0000
v 3.8000 26.0000 1.0000
v 2.1000 26.0000 1.0000
v 2.1000 25.0000 1.7000
v 3.8000 25.0000 1.7000
v 3.8000 26.0000 1.7000
v 2.1000 26.0000 1.7000
v 4.1000 25.0000 1.0000
v 5.8000 25.0000 1.0000
v 5.8000 26.0000 1.0000
v 4.1000 26.0000 1.0000
v 4.1000 25.0000 1.7000
v 5.8000 25.0000 1.7000
v 5.8000 26.0000 1.7000
v 4.1000 26.0000 1.7000
v 6.1000 25.0000 1.0000
v 7.8000 25.0000 1.0000
v 7.8000 26.0000 1.0000
v 6.1000 26.0000 1.0000
v 6.1000 25.0000 1.7000
v 7.8000 25.0000 1.7000
v 7.8000 26.0000 1.7000
v 6.1000 26.0000 1.7000
v 8.1000 25.0000 1.0000
v 9.8000 25.0000 1.0000
v 9.8000 26.0000 1.0000
v 8.1000 26.0000 1.0000
v 8.1000 25.0000 1.7000
v 9.8000 25.0000 1.7000
v 9.8000 26.0000 1.7000
v 8.1000 26.0000 1.7000
v 10.1000 25.0000 1.0000
v 11.8000 25.0000 1.0000
v 11.8000 26.0000 1.0000
v 10.1000 26.0000 1.0000
v 10.1000 25.0000 1.7000
v 11.8000 25.0000 1.7000
v 11.8000 26.0000 1.7000
v 10.1000 26.0000 1.7000
v 12.1000 25.0000 1.0000
v 13.8000 25.0000 1.0000
v 13.8000 26.0000 1.0000
v 12.1000 26.0000 1.0000
v 12.1000 25.0000 1.7000
v 13.8000 25.0000 1.7000
v 13.8000 26.0000 1.7000
v 12.1000 26.0000 1.7000
v 2.1000 25.0000 2.0000
v 3.8000 25.0000 2.0000
v 3.8000 26.0000 2.0000
v 2.1000 26.0000 2.0000
v 2.1000 25.0000 2.7000
v 3.8000 25.0000 2.7000
v 3.8000 26.0000 2.7000
v 2.1000 26.0000 2.7000
v 4.1000 25.0000 2.0000
v 5.8000 25.0000 2.0000
v 5.8000 26.0000 2.0000
v 4.1000 26.0000 2.0000
v 4.1000 25.0000 2.7000
v 5.8000 25.0000 2.7000
v 5.8000 26.0000 2.7000
v 4.1000 26.0000 2.7000
v 6.1000 25.0000 2.0000
v 7.8000 25.0000 2.0000
v 7.8000 26.0000 2.0000
v 6.1000 26.0000 2.0000
v 6.1000 25.0000 2.7000
v 7.8000 25.0000 2.7000
v 7.8000 26.0000 2.7000
v 6.1000 26.0000 2.7000
v 8.1000 25.0000 2.0000
v 9.8000 25.0000 2.0000
v 9.8000 26.0000 2.0000
v 8.1000 26.0000 2.0000
v 8.1000 25.0000 2.7000
v 9.8000 25.0000 2.7000
v 9.8000 26.0000 2.7000
v 8.1000 26.0000 2.7000
v 10.1000 25.0000 2.0000
v 11.8000 25.0000 2.0000
v 11.8000 26.0000 2.0000
v 10.1000 26.0000 2.0000
v 10.1000 25.0000 2.7000
v 11.8000 25.0000 2.7000
v 11.8000 26.0000 2.7000
v 10.1000 26.0000 2.7000
v 12.1000 25.0000 2.0000
v 13.8000 25.0000 2.0000
v 13.8000 26.0000 2.0000
v 12.1000 26.0000 2.0000
v 12.1000 25.0000 2.7000
v 13.8000 25.0000 2.7000
v 13.8000 26.0000 2.7000
v 12.1000 26.0000 2.7000
v 2.1000 25.0000 3.0000
v 3.8000 25.0000 3.0000
v 3.8000 26.0000 3.0000
v 2.1000 26.0000 3.0000
v 2.1000 25.0000 3.7000
v 3.8000 25.0000 3.7000
v 3.8000 26.0000 3.7000
v 2.1000 26.0000 3.7000
v 4.1000 25.0000 3.0000
v 5.8000 25.0000 3.0000
v 5.8000 26.0000 3.0000
v 4.1000 26.0000 3.0000
v 4.1000 25.0000 3.7000
v 5.8000 25.0000 3.7000
v 5.8000 26.0000 3.7000
v 4.1000 26.0000 3.7000
v 6.1000 25.0000 3.0000
v 7.8000 25.0000 3.0000
v 7.8000 26.0000 3.0000
v 6.1000 26.0000 3.0000
v 6.1000 25.0000 3.7000
v 7.8000 25.0000 3.7000
v 7.8000 26.0000 3.7000
v 6.1000 26.0000 3.7000
v 8.1000 25.0000 3.0000
v 9.8000 25.0000 3.0000
v 9.8000 26.0000 3.0000
v 8.1000 26.0000 3.0000
v 8.1000 25.0000 3.7000
v 9.8000 25.0000 3.7000
v 9.8000 26.0000 3.7000
v 8.1000 26.0000 3.7000
v 10.1000 25.0000 3.0000
v 11.8000 25.0000 3.0000
v 11.8000 26.0000 3.0000
v 10.1000 26.0000 3.0000
v 10.1000 25.0000 3.7000
v 11.8000 25.0000 3.7000
v 11.8000 26.0000 3.7000
v 10.1000 26.0000 3.7000
v 12.1000 25.0000 3.0000
v 13.8000 25.0000 3.0000
v 13.8000 26.0000 3.0000
v 12.1000 26.0000 3.0000
v 12.1000 25.0000 3.7000
v 13.8000 25.0000 3.7000
v 13.8000 26.0000 3.7000
v 12.1000 26.0000 3.7000
v 2.1000 25.0000 4.0000
v 3.8000 25.0000 4.0000
v 3.8000 26.0000 4.0000
v 2.1000 26.0000 4.0000
v 2.1000 25.0000 4.7000
v 3.8000 25.0000 4.7000
v 3.8000 26.0000 4.7000
v 2.1000 26.0000 4.7000
v 4.1000 25.0000 4.0000
v 5.8000 25.0000 4.0000
v 5.8000 26.0000 4.0000
v 4.1000 26.0000 4.0000
v 4.1000 25.0000 4.7000
v 5.8000 25.0000 4.7000
v 5.8000 26.0000 4.7000
v 4.1000 26.0000 4.7000
v 6.1000 25.0000 4.0000
v 7.8000 25.0000 4.0000
v 7.8000 26.0000 4.0000
v 6.1000 26.0000 4.0000
v 6.1000 25.0000 4.7000
v 7.8000 25.0000 4.7000
v 7.8000 26.0000 4.7000
v 6.1000 26.0000 4.7000
v 8.1000 25.0000 4.0000
v 9.8000 25.0000 4.0000
v 9.8000 26.0000 4.0000
v 8.1000 26.0000 4.0000
v 8.1000 25.0000 4.7000
v 9.8000 25.0000 4.7000
v 9.8000 26.0000 4.7000
v 8.1000 26.0000 4.7000
v 10.1000 25.0000 4.0000
v 11.8000 25.0000 4.0000
v 11.8000 26.0000 4.0000
v 10.1000 26.0000 4.0000
v 10.1000 25.0000 4.7000
v 11.8000 25.0000 4.7000
v 11.8000 26.0000 4.7000
v 10.1000 26.0000 4.7000
v 12.1000 25.0000 4.0000
v 13.8000 25.0000 4.0000
v 13.8000 26.0000 4.0000
v 12.1000 26.0000 4.0000
v 12.1000 25.0000 4.7000
v 13.8000 25.0000 4.7000
v 13.8000 26.0000 4.7000
v 12.1000 26.0000 4.7000
v 26.0000 3.9000 0.0000
v 26.0800 3.9000 0.0000
v 26.0800 5.1000 0.0000
v 26.0000 5.1000 0.0000
v 26.0000 3.9000 5.0000
v 26.0800 3.9000 5.0000
v 26.0800 5.1000 5.0000
v 26.0000 5.1000 5.0000
v 37.9200 3.9000 0.0000
v 38.0000 3.9000 0.0000
v 38.0000 5.1000 0.0000
v 37.9200 5.1000 0.0000
v 37.9200 3.9000 5.0000
v 38.0000 3.9000 5.0000
v 38.0000 5.1000 5.0000
v 37.9200 5.1000 5.0000
v 27.9600 3.9000 0.0000
v 28.0400 3.9000 0.0000
v 28.0400 5.1000 0.0000
v 27.9600 5.1000 0.0000
v 27.9600 3.9000 5.0000
v 28.0400 3.9000 5.0000
v 28.0400 5.1000 5.0000
v 27.9600 5.1000 5.0000
v 29.9600 3.9000 0.0000
v 30.0400 3.9000 0.0000
v 30.0400 5.1000 0.0000
v 29.9600 5.1000 0.0000
v 29.9600 3.9000 5.0000
v 30.0400 3.9000 5.0000
v 30.0400 5.1000 5.0000
v 29.9600 5.1000 5.0000
v 31.9600 3.9000 0.0000
v 32.0400 3.9000 0.0000
v 32.0400 5.1000 0.0000
v 31.9600 5.1000 0.0000
v 31.9600 3.9000 5.0000
v 32.0400 3.9000 5.0000
v 32.0400 5.1000 5.0000
v 31.9600 5.1000 5.0000
v 33.9600 3.9000 0.0000
v 34.0400 3.9000 0.0000
v 34.0400 5.1000 0.0000
v 33.9600 5.1000 0.0000
v 33.9600 3.9000 5.0000
v 34.0400 3.9000 5.0000
v 34.0400 5.1000 5.0000
v 33.9600 5.1000 5.0000
v 35.9600 3.9000 0.0000
v 36.0400 3.9000 0.0000
v 36.0400 5.1000 0.0000
v 35.9600 5.1000 0.0000
v 35.9600 3.9000 5.0000
v 36.0400 3.9000 5.0000
v 36.0400 5.1000 5.0000
v 35.9600 5.1000 5.0000
v 26.0000 3.9000 0.9600
v 38.0000 3.9000 0.9600
v 38.0000 5.1000 0.9600
v 26.0000 5.1000 0.9600
v 26.0000 3.9000 1.0000
v 38.0000 3.9000 1.0000
v 38.0000 5.1000 1.0000
v 26.0000 5.1000 1.0000
v 26.0000 3.9000 1.9600
v 38.0000 3.9000 1.9600
v 38.0000 5.1000 1.9600
v 26.0000 5.1000 1.9600
v 26.0000 3.9000 2.0000
v 38.0000 3.9000 2.0000
v 38.0000 5.1000 2.0000
v 26.0000 5.1000 2.0000
v 26.0000 3.9000 2.9600
v 38.0000 3.9000 2.9600
v 38.0000 5.1000 2.9600
v 26.0000 5.1000 2.9600
v 26.0000 3.9000 3.0000
v 38.0000 3.9000 3.0000
v 38.0000 5.1000 3.0000
v 26.0000 5.1000 3.0000
v 26.0000 3.9000 3.9600
v 38.0000 3.9000 3.9600
v 38.0000 5.1000 3.9600
v 26.0000 5.1000 3.9600
v 26.0000 3.9000 4.0000
v 38.0000 3.9000 4.0000
v 38.0000 5.1000 4.0000
v 26.0000 5.1000 4.0000
v 26.0000 3.9000 0.0000
v 38.0000 3.9000 0.0000
v 38.0000 3.9600 0.0000
v 26.0000 3.9600 0.0000
v 26.0000 3.9000 5.0000
v 38.0000 3.9000 5.0000
v 38.0000 3.9600 5.0000
v 26.0000 3.9600 5.0000
v 26.1000 4.0000 1.0000
v 27.8000 4.0000 1.0000
v 27.8000 5.0000 1.0000
v 26.1000 5.0000 1.0000
v 26.1000 4.0000 1.7000
v 27.8000 4.0000 1.7000
v 27.8000 5.0000 1.7000
v 26.1000 5.0000 1.7000
v 28.1000 4.0000 1.0000
v 29.8000 4.0000 1.0000
v 29.8000 5.0000 1.0000
v 28.1000 5.0000 1.0000
v 28.1000 4.0000 1.7000
v 29.8000 4.0000 1.7000
v 29.8000 5.0000 1.7000
v 28.1000 5.0000 1.7000
v 30.1000 4.0000 1.0000
v 31.8000 4.0000 1.0000
v 31.8000 5.0000 1.0000
v 30.1000 5.0000 1.0000
v 30.1000 4.0000 1.7000
v 31.8000 4.0000 1.7000
v 31.8000 5.0000 1.7000
v 30.1000 5.0000 1.7000
v 32.1000 4.0000 1.0000
v 33.8000 4.0000 1.0000
v 33.8000 5.0000 1.0000
v 32.1000 5.0000 1.0000
v 32.1000 4.0000 1.7000
v 33.8000 4.0000 1.7000
v 33.8000 5.0000 1.7000
v 32.1000 5.0000 1.7000
v 34.1000 4.0000 1.0000
v 35.8000 4.0000 1.0000
v 35.8000 5.0000 1.0000
v 34.1000 5.0000 1.0000
v 34.1000 4.0000 1.7000
v 35.8000 4.0000 1.7000
v 35.8000 5.0000 1.7000
v 34.1000 5.0000 1.7000
v 36.1000 4.0000 1.0000
v 37.8000 4.0000 1.0000
v 37.8000 5.0000 1.0000
v 36.1000 5.0000 1.0000
v 36.1000 4.0000 1.7000
v 37.8000 4.0000 1.7000
v 37.8000 5.0000 1.7000
v 36.1000 5.0000 1.7000
v 26.1000 4.0000 2.0000
v 27.8000 4.0000 2.0000
v 27.8000 5.0000 2.0000
v 26.1000 5.0000 2.0000
v 26.1000 4.0000 2.7000
v 27.8000 4.0000 2.7000
v 27.8000 5.0000 2.7000
v 26.1000 5.0000 2.7000
v 28.1000 4.0000 2.0000
v 29.8000 4.0000 2.0000
v 29.8000 5.0000 2.0000
v 28.1000 5.0000 2.0000
v 28.1000 4.0000 2.7000
v 29.8000 4.0000 2.7000
v 29.8000 5.0000 2.7000
v 28.1000 5.0000 2.7000
v 30.1000 4.0000 2.0000
v 31.8000 4.0000 2.0000
v 31.8000 5.0000 2.0000
v 30.1000 5.0000 2.0000
v 30.1000 4.0000 2.7000
v 31.8000 4.0000 2.7000
v 31.8000 5.0000 2.7000
v 30.1000 5.0000 2.7000
v 32.1000 4.0000 2.0000
v 33.8000 4.0000 2.0000
v 33.8000 5.0000 2.0000
v 32.1000 5.0000 2.0000
v 32.1000 4.0000 2.7000
v 33.8000 4.0000 2.7000
v 33.8000 5.0000 2.7000
v 32.1000 5.0000 2.7000
v 34.1000 4.0000 2.0000
v 35.8000 4.0000 2.0000
v 35.8000 5.0000 2.0000
v 34.1000 5.0000 2.0000
v 34.1000 4.0000 2.7000
v 35.8000 4.0000 2.7000
v 35.8000 5.0000 2.7000
v 34.1000 5.0000 2.7000
v 36.1000 4.0000 2.0000
v 37.8000 4.0000 2.0000
v 37.8000 5.0000 2.0000
v 36.1000 5.0000 2.0000
v 36.1000 4.0000 2.7000
v 37.8000 4.0000 2.7000
v 37.8000 5.0000 2.7000
v 36.1000 5.0000 2.7000
v 26.1000 4.0000 3.0000
v 27.8000 4.0000 3.0000
v 27.8000 5.0000 3.0000
v 26.1000 5.0000 3.0000
v 26.1000 4.0000 3.7000
v 27.8000 4.0000 3.7000
v 27.8000 5.0000 3.7000
v 26.1000 5.0000 3.7000
v 28.1000 4.0000 3.0000
v 29.8000 4.0000 3.0000
v 29.8000 5.0000 3.0000
v 28.1000 5.0000 3.0000
v 28.1000 4.0000 3.7000
v 29.8000 4.0000 3.7000
v 29.8000 5.0000 3.7000
v 28.1000 5.0000 3.7000
v 30.1000 4.0000 3.0000
v 31.8000 4.0000 3.0000
v 31.8000 5.0000 3.0000
v 30.1000 5.0000 3.0000
v 30.1000 4.0000 3.7000
v 31.8000 4.0000 3.7000
v 31.8000 5.0000 3.7000
v 30.1000 5.0000 3.7000
v 32.1000 4.0000 3.0000
v 33.8000 4.0000 3.0000
v 33.8000 5.0000 3.0000
v 32.1000 5.0000 3.0000
v 32.1000 4.0000 3.7000
v 33.8000 4.0000 3.7000
v 33.8000 5.0000 3.7000
v 32.1000 5.0000 3.7000
v 34.1000 4.0000 3.0000
v 35.8000 4.0000 3.0000
v 35.8000 5.0000 3.0000
v 34.1000 5.0000 3.0000
v 34.1000 4.0000 3.7000
v 35.8000 4.0000 3.7000
v 35.8000 5.0000 3.7000
v 34.1000 5.0000 3.7000
v 36.1000 4.0000 3.0000
v 37.8000 4.0000 3.0000
v 37.8000 5.0000 3.0000
v 36.1000 5.0000 3.0000
v 36.1000 4.0000 3.7000
v 37.8000 4.0000 3.7000
v 37.8000 5.0000 3.7000
v 36.1000 5.0000 3.7000
v 26.1000 4.0000 4.0000
v 27.8000 4.0000 4.0000
v 27.8000 5.0000 4.0000
v 26.1000 5.0000 4.0000
v 26.1000 4.0000 4.7000
v 27.8000 4.0000 4.7000
v 27.8000 5.0000 4.7000
v 26.1000 5.0000 4.7000
v 28.1000 4.0000 4.0000
v 29.8000 4.0000 4.0000
v 29.8000 5.0000 4.0000
v 28.1000 5.0000 4.0000
v 28.1000 4.0000 4.7000
v 29.8000 4.0000 4.7000
v 29.8000 5.0000 4.7000
v 28.1000 5.0000 4.7000
v 30.1000 4.0000 4.0000
v 31.8000 4.0000 4.0000
v 31.8000 5.0000 4.0000
v 30.1000 5.0000 4.0000
v 30.1000 4.0000 4.7000
v 31.8000 4.0000 4.7000
v 31.8000 5.0000 4.7000
v 30.1000 5.0000 4.7000
v 32.1000 4.0000 4.0000
v 33.8000 4.0000 4.0000
v 33.8000 5.0000 4.0000
v 32.1000 5.0000 4.0000
v 32.1000 4.0000 4.7000
v 33.8000 4.0000 4.7000
v 33.8000 5.0000 4.7000
v 32.1000 5.0000 4.7000
v 34.1000 4.0000 4.0000
v 35.8000 4.0000 4.0000
v 35.8000 5.0000 4.0000
v 34.1000 5.0000 4.0000
v 34.1000 4.0000 4.7000
v 35.8000 4.0000 4.7000
v 35.8000 5.0000 4.7000
v 34.1000 5.0000 4.7000
v 36.1000 4.0000 4.0000
v 37.8000 4.0000 4.0000
v 37.8000 5.0000 4.0000
v 36.1000 5.0000 4.0000
v 36.1000 4.0000 4.7000
v 37.8000 4.0000 4.7000
v 37.8000 5.0000 4.7000
v 36.1000 5.0000 4.7000
v 26.0000 10.4000 0.0000
v 26.0800 10.4000 0.0000
v 26.0800 11.6000 0.0000
v 26.0000 11.6000 0.0000
v 26.0000 10.4000 5.0000
v 26.0800 10.4000 5.0000
v 26.0800 11.6000 5.0000
v 26.0000 11.6000 5.0000
v 37.9200 10.4000 0.0000
v 38.0000 10.4000 0.0000
v 38.0000 11.6000 0.0000
v 37.9200 11.6000 0.0000
v 37.9200 10.4000 5.0000
v 38.0000 10.4000 5.0000
v 38.0000 11.6000 5.0000
v 37.9200 11.6000 5.0000
v 27.9600 10.4000 0.0000
v 28.0400 10.4000 0.0000
v 28.0400 11.6000 0.0000
v 27.9600 11.6000 0.0000
v 27.9600 10.4000 5.0000
v 28.0400 10.4000 5.0000
v 28.0400 11.6000 5.0000
v 27.9600 11.6000 5.0000
v 29.9600 10.4000 0.0000
v 30.0400 10.4000 0.0000
v 30.0400 11.6000 0.0000
v 29.9600 11.6000 0.0000
v 29.9600 10.4000 5.0000
v 30.0400 10.4000 5.0000
v 30.0400 11.6000 5.0000
v 29.9600 11.6000 5.0000
v 31.9600 10.4000 0.0000
v 32.0400 10.4000 0.0000
v 32.0400 11.6000 0.0000
v 31.9600 11.6000 0.0000
v 31.9600 10.4000 5.0000
v 32.0400 10.4000 5.0000
v 32.0400 11.6000 5.0000
v 31.9600 11.6000 5.0000
v 33.9600 10.4000 0.0000
v 34.0400 10.4000 0.0000
v 34.0400 11.6000 0.0000
v 33.9600 11.6000 0.0000
v 33.9600 10.4000 5.0000
v 34.0400 10.4000 5.0000
v 34.0400 11.6000 5.0000
v 33.9600 11.6000 5.0000
v 35.9600 10.4000 0.0000
v 36.0400 10.4000 0.0000
v 36.0400 11.6000 0.0000
v 35.9600 11.6000 0.0000
v 35.9600 10.4000 5.0000
v 36.0400 10.4000 5.0000
v 36.0400 11.6000 5.0000
v 35.9600 11.6000 5.0000
v 26.0000 10.4000 0.9600
v 38.0000 10.4000 0.9600
v 38.0000 11.6000 0.9600
v 26.0000 11.6000 0.9600
v 26.0000 10.4000 1.0000
v 38.0000 10.4000 1.0000
v 38.0000 11.6000 1.0000
v 26.0000 11.6000 1.0000
v 26.0000 10.4000 1.9600
v 38.0000 10.4000 1.9600
v 38.0000 11.6000 1.9600
v 26.0000 11.6000 1.9600
v 26.0000 10.4000 2.0000
v 38.0000 10.4000 2.0000
v 38.0000 11.6000 2.0000
v 26.0000 11.6000 2.0000
v 26.0000 10.4000 2.9600
v 38.0000 10.4000 2.9600
v 38.0000 11.6000 2.9600
v 26.0000 11.6000 2.9600
v 26.0000 10.4000 3.0000
v 38.0000 10.4000 3.0000
v 38.0000 11.6000 3.0000
v 26.0000 11.6000 3.0000
v 26.0000 10.4000 3.9600
v 38.0000 10.4000 3.9600
v 38.0000 11.6000 3.9600
v 26.0000 11.6000 3.9600
v 26.0000 10.4000 4.0000
v 38.0000 10.4000 4.0000
v 38.0000 11.6000 4.0000
v 26.0000 11.6000 4.0000
v 26.0000 10.4000 0.0000
v 38.0000 10.4000 0.0000
v 38.0000 10.4600 0.0000
v 26.0000 10.4600 0.0000
v 26.0000 10.4000 5.0000
v 38.0000 10.4000 5.0000
v 38.0000 10.4600 5.0000
v 26.0000 10.4600 5.0000
v 26.1000 10.5000 1.0000
v 27.8000 10.5000 1.0000
v 27.8000 11.5000 1.0000
v 26.1000 11.5000 1.0000
v 26.1000 10.5000 1.7000
v 27.8000 10.5000 1.7000
v 27.8000 11.5000 1.7000
v 26.1000 11.5000 1.7000
v 28.1000 10.5000 1.0000
v 29.8000 10.5000 1.0000
v 29.8000 11.5000 1.0000
v 28.1000 11.5000 1.0000
v 28.1000 10.5000 1.7000
v 29.8000 10.5000 1.7000
v 29.8000 11.5000 1.7000
v 28.1000 11.5000 1.7000
v 30.1000 10.5000 1.0000
v 31.8000 10.5000 1.0000
v 31.8000 11.5000 1.0000
v 30.1000 11.5000 1.0000
v 30.1000 10.5000 1.7000
v 31.8000 10.5000 1.7000
v 31.8000 11.5000 1.7000
v 30.1000 11.5000 1.7000
v 32.1000 10.5000 1.0000
v 33.8000 10.5000 1.0000
v 33.8000 11.5000 1.0000
v 32.1000 11.5000 1.0000
v 32.1000 10.5000 1.7000
v 33.8000 10.5000 1.7000
v 33.8000 11.5000 1.7000
v 32.1000 11.5000 1.7000
v 34.1000 10.5000 1.0000
v 35.8000 10.5000 1.0000
v 35.8000 11.5000 1.0000
v 34.1000 11.5000 1.0000
v 34.1000 10.5000 1.7000
v 35.8000 10.5000 1.7000
v 35.8000 11.5000 1.7000
v 34.1000 11.5000 1.7000
v 36.1000 10.5000 1.0000
v 37.8000 10.5000 1.0000
v 37.8000 11.5000 1.0000
v 36.1000 11.5000 1.0000
v 36.1000 10.5000 1.7000
v 37.8000 10.5000 1.7000
v 37.8000 11.5000 1.7000
v 36.1000 11.5000 1.7000
v 26.1000 10.5000 2.0000
v 27.8000 10.5000 2.0000
v 27.8000 11.5000 2.0000
v 26.1000 11.5000 2.0000
v 26.1000 10.5000 2.7000
v 27.8000 10.5000 2.7000
v 27.8000 11.5000 2.7000
v 26.1000 11.5000 2.7000
v 28.1000 10.5000 2.0000
v 29.8000 10.5000 2.0000
v 29.8000 11.5000 2.0000
v 28.1000 11.5000 2.0000
v 28.1000 10.5000 2.7000
v 29.8000 10.5000 2.7000
v 29.8000 11.5000 2.7000
v 28.1000 11.5000 2.7000
v 30.1000 10.5000 2.0000
v 31.8000 10.5000 2.0000
v 31.8000 11.5000 2.0000
v 30.1000 11.5000 2.0000
v 30.1000 10.5000 2.7000
v 31.8000 10.5000 2.7000
v 31.8000 11.5000 2.7000
v 30.1000 11.5000 2.7000
v 32.1000 10.5000 2.0000
v 33.8000 10.5000 2.0000
v 33.8000 11.5000 2.0000
v 32.1000 11.5000 2.0000
v 32.1000 10.5000 2.7000
v 33.8000 10.5000 2.7000
v 33.8000 11.5000 2.7000
v 32.1000 11.5000 2.7000
v 34.1000 10.5000 2.0000
v 35.8000 10.5000 2.0000
v 35.8000 11.5000 2.0000
v 34.1000 11.5000 2.0000
v 34.1000 10.5000 2.7000
v 35.8000 10.5000 2.7000
v 35.8000 11.5000 2.7000
v 34.1000 11.5000 2.7000
v 36.1000 10.5000 2.0000
v 37.8000 10.5000 2.0000
v 37.8000 11.5000 2.0000
v 36.1000 11.5000 2.0000
v 36.1000 10.5000 2.7000
v 37.8000 10.5000 2.7000
v 37.8000 11.5000 2.7000
v 36.1000 11.5000 2.7000
v 26.1000 10.5000 3.0000
v 27.8000 10.5000 3.0000
v 27.8000 11.5000 3.0000
v 26.1000 11.5000 3.0000
v 26.1000 10.5000 3.7000
v 27.8000 10.5000 3.7000
v 27.8000 11.5000 3.7000
v 26.1000 11.5000 3.7000
v 28.1000 10.5000 3.0000
v 29.8000 10.5000 3.0000
v 29.8000 11.5000 3.0000
v 28.1000 11.5000 3.0000
v 28.1000 10.5000 3.7000
v 29.8000 10.5000 3.7000
v 29.8000 11.5000 3.7000
v 28.1000 11.5000 3.7000
v 30.1000 10.5000 3.0000
v 31.8000 10.5000 3.0000
v 31.8000 11.5000 3.0000
v 30.1000 11.5000 3.0000
v 30.1000 10.5000 3.7000
v 31.8000 10.5000 3.7000
v 31.8000 11.5000 3.7000
v 30.1000 11.5000 3.7000
v 32.1000 10.5000 3.0000
v 33.8000 10.5000 3.0000
v 33.8000 11.5000 3.0000
v 32.1000 11.5000 3.0000
v 32.1000 10.5000 3.7000
v 33.8000 10.5000 3.7000
v 33.8000 11.5000 3.7000
v 32.1000 11.5000 3.7000
v 34.1000 10.5000 3.0000
v 35.8000 10.5000 3.0000
v 35.8000 11.5000 3.0000
v 34.1000 11.5000 3.0000
v 34.1000 10.5000 3.7000
v 35.8000 10.5000 3.7000
v 35.8000 11.5000 3.7000
v 34.1000 11.5000 3.7000
v 36.1000 10.5000 3.0000
v 37.8000 10.5000 3.0000
v 37.8000 11.5000 3.0000
v 36.1000 11.5000 3.0000
v 36.1000 10.5000 3.7000
v 37.8000 10.5000 3.7000
v 37.8000 11.5000 3.7000
v 36.1000 11.5000 3.7000
v 26.1000 10.5000 4.0000
v 27.8000 10.5000 4.0000
v 27.8000 11.5000 4.0000
v 26.1000 11.5000 4.0000
v 26.1000 10.5000 4.7000
v 27.8000 10.5000 4.7000
v 27.8000 11.5000 4.7000
v 26.1000 11.5000 4.7000
v 28.1000 10.5000 4.0000
v 29.8000 10.5000 4.0000
v 29.8000 11.5000 4.0000
v 28.1000 11.5000 4.0000
v 28.1000 10.5000 4.7000
v 29.8000 10.5000 4.7000
v 29.8000 11.5000 4.7000
v 28.1000 11.5000 4.7000
v 30.1000 10.5000 4.0000
v 31.8000 10.5000 4.0000
v 31.8000 11.5000 4.0000
v 30.1000 11.5000 4.0000
v 30.1000 10.5000 4.7000
v 31.8000 10.5000 4.7000
v 31.8000 11.5000 4.7000
v 30.1000 11.5000 4.7000
v 32.1000 10.5000 4.0000
v 33.8000 10.5000 4.0000
v 33.8000 11.5000 4.0000
v 32.1000 11.5000 4.0000
v 32.1000 10.5000 4.7000
v 33.8000 10.5000 4.7000
v 33.8000 11.5000 4.7000
v 32.1000 11.5000 4.7000
v 34.1000 10.5000 4.0000
v 35.8000 10.5000 4.0000
v 35.8000 11.5000 4.0000
v 34.1000 11.5000 4.0000
v 34.1000 10.5000 4.7000
v 35.8000 10.5000 4.7000
v 35.8000 11.5000 4.7000
v 34.1000 11.5000 4.7000
v 36.1000 10.5000 4.0000
v 37.8000 10.5000 4.0000
v 37.8000 11.5000 4.0000
v 36.1000 11.5000 4.0000
v 36.1000 10.5000 4.7000
v 37.8000 10.5000 4.7000
v 37.8000 11.5000 4.7000
v 36.1000 11.5000 4.7000
v 26.0000 17.4000 0.0000
v 26.0800 17.4000 0.0000
v 26.0800 18.6000 0.0000
v 26.0000 18.6000 0.0000
v 26.0000 17.4000 5.0000
v 26.0800 17.4000 5.0000
v 26.0800 18.6000 5.0000
v 26.0000 18.6000 5.0000
v 37.9200 17.4000 0.0000
v 38.0000 17.4000 0.0000
v 38.0000 18.6000 0.0000
v 37.9200 18.6000 0.0000
v 37.9200 17.4000 5.0000
v 38.0000 17.4000 5.0000
v 38.0000 18.6000 5.0000
v 37.9200 18.6000 5.0000
v 27.9600 17.4000 0.0000
v 28.0400 17.4000 0.0000
v 28.0400 18.6000 0.0000
v 27.9600 18.6000 0.0000
v 27.9600 17.4000 5.0000
v 28.0400 17.4000 5.0000
v 28.0400 18.6000 5.0000
v 27.9600 18.6000 5.0000
v 29.9600 17.4000 0.0000
v 30.0400 17.4000 0.0000
v 30.0400 18.6000 0.0000
v 29.9600 18.6000 0.0000
v 29.9600 17.4000 5.0000
v 30.0400 17.4000 5.0000
v 30.0400 18.6000 5.0000
v 29.9600 18.6000 5.0000
v 31.9600 17.4000 0.0000
v 32.0400 17.4000 0.0000
v 32.0400 18.6000 0.0000
v 31.9600 18.6000 0.0000
v 31.9600 17.4000 5.0000
v 32.0400 17.4000 5.0000
v 32.0400 18.6000 5.0000
v 31.9600 18.6000 5.0000
v 33.9600 17.4000 0.0000
v 34.0400 17.4000 0.0000
v 34.0400 18.6000 0.0000
v 33.9600 18.6000 0.0000
v 33.9600 17.4000 5.0000
v 34.0400 17.4000 5.0000
v 34.0400 18.6000 5.0000
v 33.9600 18.6000 5.0000
v 35.9600 17.4000 0.0000
v 36.0400 17.4000 0.0000
v 36.0400 18.6000 0.0000
v 35.9600 18.6000 0.0000
v 35.9600 17.4000 5.0000
v 36.0400 17.4000 5.0000
v 36.0400 18.6000 5.0000
v 35.9600 18.6000 5.0000
v 26.0000 17.4000 0.9600
v 38.0000 17.4000 0.9600
v 38.0000 18.6000 0.9600
v 26.0000 18.6000 0.9600
v 26.0000 17.4000 1.0000
v 38.0000 17.4000 1.0000
v 38.0000 18.6000 1.0000
v 26.0000 18.6000 1.0000
v 26.0000 17.4000 1.9600
v 38.0000 17.4000 1.9600
v 38.0000 18.6000 1.9600
v 26.0000 18.6000 1.9600
v 26.0000 17.4000 2.0000
v 38.0000 17.4000 2.0000
v 38.0000 18.6000 2.0000
v 26.0000 18.6000 2.0000
v 26.0000 17.4000 2.9600
v 38.0000 17.4000 2.9600
v 38.0000 18.6000 2.9600
v 26.0000 18.6000 2.9600
v 26.0000 17.4000 3.0000
v 38.0000 17.4000 3.0000
v 38.0000 18.6000 3.0000
v 26.0000 18.6000 3.0000
v 26.0000 17.4000 3.9600
v 38.0000 17.4000 3.9600
v 38.0000 18.6000 3.9600
v 26.0000 18.6000 3.9600
v 26.0000 17.4000 4.0000
v 38.0000 17.4000 4.0000
v 38.0000 18.6000 4.0000
v 26.0000 18.6000 4.0000
v 26.0000 17.4000 0.0000
v 38.0000 17.4000 0.0000
v 38.0000 17.4600 0.0000
v 26.0000 17.4600 0.0000
v 26.0000 17.4000 5.0000
v 38.0000 17.4000 5.0000
v 38.0000 17.4600 5.0000
v 26.0000 17.4600 5.0000
v 26.1000 17.5000 1.0000
v 27.8000 17.5000 1.0000
v 27.8000 18.5000 1.0000
v 26.1000 18.5000 1.0000
v 26.1000 17.5000 1.7000
v 27.8000 17.5000 1.7000
v 27.8000 18.5000 1.7000
v 26.1000 18.5000 1.7000
v 28.1000 17.5000 1.0000
v 29.8000 17.5000 1.0000
v 29.8000 18.5000 1.0000
v 28.1000 18.5000 1.0000
v 28.1000 17.5000 1.7000
v 29.8000 17.5000 1.7000
v 29.8000 18.5000 1.7000
v 28.1000 18.5000 1.7000
v 30.1000 17.5000 1.0000
v 31.8000 17.5000 1.0000
v 31.8000 18.5000 1.0000
v 30.1000 18.5000 1.0000
v 30.1000 17.5000 1.7000
v 31.8000 17.5000 1.7000
v 31.8000 18.5000 1.7000
v 30.1000 18.5000 1.7000
v 32.1000 17.5000 1.0000
v 33.8000 17.5000 1.0000
v 33.8000 18.5000 1.0000
v 32.1000 18.5000 1.0000
v 32.1000 17.5000 1.7000
v 33.8000 17.5000 1.7000
v 33.8000 18.5000 1.7000
v 32.1000 18.5000 1.7000
v 34.1000 17.5000 1.0000
v 35.8000 17.5000 1.0000
v 35.8000 18.5000 1.0000
v 34.1000 18.5000 1.0000
v 34.1000 17.5000 1.7000
v 35.8000 17.5000 1.7000
v 35.8000 18.5000 1.7000
v 34.1000 18.5000 1.7000
v 36.1000 17.5000 1.0000
v 37.8000 17.5000 1.0000
v 37.8000 18.5000 1.0000
v 36.1000 18.5000 1.0000
v 36.1000 17.5000 1.7000
v 37.8000 17.5000 1.7000
v 37.8000 18.5000 1.7000
v 36.1000 18.5000 1.7000
v 26.1000 17.5000 2.0000
v 27.8000 17.5000 2.0000
v 27.8000 18.5000 2.0000
v 26.1000 18.5000 2.0000
v 26.1000 17.5000 2.7000
v 27.8000 17.5000 2.7000
v 27.8000 18.5000 2.7000
v 26.1000 18.5000 2.7000
v 28.1000 17.5000 2.0000
v 29.8000 17.5000 2.0000
v 29.8000 18.5000 2.0000
v 28.1000 18.5000 2.0000
v 28.1000 17.5000 2.7000
v 29.8000 17.5000 2.7000
v 29.8000 18.5000 2.7000
v 28.1000 18.5000 2.7000
v 30.1000 17.5000 2.0000
v 31.8000 17.5000 2.0000
v 31.8000 18.5000 2.0000
v 30.1000 18.5000 2.0000
v 30.1000 17.5000 2.7000
v 31.8000 17.5000 2.7000
v 31.8000 18.5000 2.7000
v 30.1000 18.5000 2.7000
v 32.1000 17.5000 2.0000
v 33.8000 17.5000 2.0000
v 33.8000 18.5000 2.0000
v 32.1000 18.5000 2.0000
v 32.1000 17.5000 2.7000
v 33.8000 17.5000 2.7000
v 33.8000 18.5000 2.7000
v 32.1000 18.5000 2.7000
v 34.1000 17.5000 2.0000
v 35.8000 17.5000 2.0000
v 35.8000 18.5000 2.0000
v 34.1000 18.5000 2.0000
v 34.1000 17.5000 2.7000
v 35.8000 17.5000 2.7000
v 35.8000 18.5000 2.7000
v 34.1000 18.5000 2.7000
v 36.1000 17.5000 2.0000
v 37.8000 17.5000 2.0000
v 37.8000 18.5000 2.0000
v 36.1000 18.5000 2.0000
v 36.1000 17.5000 2.7000
v 37.8000 17.5000 2.7000
v 37.8000 18.5000 2.7000
v 36.1000 18.5000 2.7000
v 26.1000 17.5000 3.0000
v 27.8000 17.5000 3.0000
v 27.8000 18.5000 3.0000
v 26.1000 18.5000 3.0000
v 26.1000 17.5000 3.7000
v 27.8000 17.5000 3.7000
v 27.8000 18.5000 3.7000
v 26.1000 18.5000 3.7000
v 28.1000 17.5000 3.0000
v 29.8000 17.5000 3.0000
v 29.8000 18.5000 3.0000
v 28.1000 18.5000 3.0000
v 28.1000 17.5000 3.7000
v 29.8000 17.5000 3.7000
v 29.8000 18.5000 3.7000
v 28.1000 18.5000 3.7000
v 30.1000 17.5000 3.0000
v 31.8000 17.5000 3.0000
v 31.8000 18.5000 3.0000
v 30.1000 18.5000 3.0000
v 30.1000 17.5000 3.7000
v 31.8000 17.5000 3.7000
v 31.8000 18.5000 3.7000
v 30.1000 18.5000 3.7000
v 32.1000 17.5000 3.0000
v 33.8000 17.5000 3.0000
v 33.8000 18.5000 3.0000
v 32.1000 18.5000 3.0000
v 32.1000 17.5000 3.7000
v 33.8000 17.5000 3.7000
v 33.8000 18.5000 3.7000
v 32.1000 18.5000 3.7000
v 34.1000 17.5000 3.0000
v 35.8000 17.5000 3.0000
v 35.8000 18.5000 3.0000
v 34.1000 18.5000 3.0000
v 34.1000 17.5000 3.7000
v 35.8000 17.5000 3.7000
v 35.8000 18.5000 3.7000
v 34.1000 18.5000 3.7000
v 36.1000 17.5000 3.0000
v 37.8000 17.5000 3.0000
v 37.8000 18.5000 3.0000
v 36.1000 18.5000 3.0000
v 36.1000 17.5000 3.7000
v 37.8000 17.5000 3.7000
v 37.8000 18.5000 3.7000
v 36.1000 18.5000 3.7000
v 26.1000 17.5000 4.0000
v 27.8000 17.5000 4.0000
v 27.8000 18.5000 4.0000
v 26.1000 18.5000 4.0000
v 26.1000 17.5000 4.7000
v 27.8000 17.5000 4.7000
v 27.8000 18.5000 4.7000
v 26.1000 18.5000 4.7000
v 28.1000 17.5000 4.0000
v 29.8000 17.5000 4.0000
v 29.8000 18.5000 4.0000
v 28.1000 18.5000 4.0000
v 28.1000 17.5000 4.7000
v 29.8000 17.5000 4.7000
v 29.8000 18.5000 4.7000
v 28.1000 18.5000 4.7000
v 30.1000 17.5000 4.0000
v 31.8000 17.5000 4.0000
v 31.8000 18.5000 4.0000
v 30.1000 18.5000 4.0000
v 30.1000 17.5000 4.7000
v 31.8000 17.5000 4.7000
v 31.8000 18.5000 4.7000
v 30.1000 18.5000 4.7000
v 32.1000 17.5000 4.0000
v 33.8000 17.5000 4.0000
v 33.8000 18.5000 4.0000
v 32.1000 18.5000 4.0000
v 32.1000 17.5000 4.7000
v 33.8000 17.5000 4.7000
v 33.8000 18.5000 4.7000
v 32.1000 18.5000 4.7000
v 34.1000 17.5000 4.0000
v 35.8000 17.5000 4.0000
v 35.8000 18.5000 4.0000
v 34.1000 18.5000 4.0000
v 34.1000 17.5000 4.7000
v 35.8000 17.5000 4.7000
v 35.8000 18.5000 4.7000
v 34.1000 18.5000 4.7000
v 36.1000 17.5000 4.0000
v 37.8000 17.5000 4.0000
v 37.8000 18.5000 4.0000
v 36.1000 18.5000 4.0000
v 36.1000 17.5000 4.7000
v 37.8000 17.5000 4.7000
v 37.8000 18.5000 4.7000
v 36.1000 18.5000 4.7000
v 26.0000 24.9000 0.0000
v 26.0800 24.9000 0.0000
v 26.0800 26.1000 0.0000
v 26.0000 26.1000 0.0000
v 26.0000 24.9000 5.0000
v 26.0800 24.9000 5.0000
v 26.0800 26.1000 5.0000
v 26.0000 26.1000 5.0000
v 37.9200 24.9000 0.0000
v 38.0000 24.9000 0.0000
v 38.0000 26.1000 0.0000
v 37.9200 26.1000 0.0000
v 37.9200 24.9000 5.0000
v 38.0000 24.9000 5.0000
v 38.0000 26.1000 5.0000
v 37.9200 26.1000 5.0000
v 27.9600 24.9000 0.0000
v 28.0400 24.9000 0.0000
v 28.0400 26.1000 0.0000
v 27.9600 26.1000 0.0000
v 27.9600 24.9000 5.0000
v 28.0400 24.9000 5.0000
v 28.0400 26.1000 5.0000
v 27.9600 26.1000 5.0000
v 29.9600 24.9000 0.0000
v 30.0400 24.9000 0.0000
v 30.0400 26.1000 0.0000
v 29.9600 26.1000 0.0000
v 29.9600 24.9000 5.0000
v 30.0400 24.9000 5.0000
v 30.0400 26.1000 5.0000
v 29.9600 26.1000 5.0000
v 31.9600 24.9000 0.0000
v 32.0400 24.9000 0.0000
v 32.0400 26.1000 0.0000
v 31.9600 26.1000 0.0000
v 31.9600 24.9000 5.0000
v 32.0400 24.9000 5.0000
v 32.0400 26.1000 5.0000
v 31.9600 26.1000 5.0000
v 33.9600 24.9000 0.0000
v 34.0400 24.9000 0.0000
v 34.0400 26.1000 0.0000
v 33.9600 26.1000 0.0000
v 33.9600 24.9000 5.0000
v 34.0400 24.9000 5.0000
v 34.0400 26.1000 5.0000
v 33.9600 26.1000 5.0000
v 35.9600 24.9000 0.0000
v 36.0400 24.9000 0.0000
v 36.0400 26.1000 0.0000
v 35.9600 26.1000 0.0000
v 35.9600 24.9000 5.0000
v 36.0400 24.9000 5.0000
v 36.0400 26.1000 5.0000
v 35.9600 26.1000 5.0000
v 26.0000 24.9000 0.9600
v 38.0000 24.9000 0.9600
v 38.0000 26.1000 0.9600
v 26.0000 26.1000 0.9600
v 26.0000 24.9000 1.0000
v 38.0000 24.9000 1.0000
v 38.0000 26.1000 1.0000
v 26.0000 26.1000 1.0000
v 26.0000 24.9000 1.9600
v 38.0000 24.9000 1.9600
v 38.0000 26.1000 1.9600
v 26.0000 26.1000 1.9600
v 26.0000 24.9000 2.0000
v 38.0000 24.9000 2.0000
v 38.0000 26.1000 2.0000
v 26.0000 26.1000 2.0000
v 26.0000 24.9000 2.9600
v 38.0000 24.9000 2.9600
v 38.0000 26.1000 2.9600
v 26.0000 26.1000 2.9600
v 26.0000 24.9000 3.0000
v 38.0000 24.9000 3.0000
v 38.0000 26.1000 3.0000
v 26.0000 26.1000 3.0000
v 26.0000 24.9000 3.9600
v 38.0000 24.9000 3.9600
v 38.0000 26.1000 3.9600
v 26.0000 26.1000 3.9600
v 26.0000 24.9000 4.0000
v 38.0000 24.9000 4.0000
v 38.0000 26.1000 4.0000
v 26.0000 26.1000 4.0000
v 26.0000 24.9000 0.0000
v 38.0000 24.9000 0.0000
v 38.0000 24.9600 0.0000
v 26.0000 24.9600 0.0000
v 26.0000 24.9000 5.0000
v 38.0000 24.9000 5.0000
v 38.0000 24.9600 5.0000
v 26.0000 24.9600 5.0000
v 26.1000 25.0000 1.0000
v 27.8000 25.0000 1.0000
v 27.8000 26.0000 1.0000
v 26.1000 26.0000 1.0000
v 26.1000 25.0000 1.7000
v 27.8000 25.0000 1.7000
v 27.8000 26.0000 1.7000
v 26.1000 26.0000 1.7000
v 28.1000 25.0000 1.0000
v 29.8000 25.0000 1.0000
v 29.8000 26.0000 1.0000
v 28.1000 26.0000 1.0000
v 28.1000 25.0000 1.7000
v 29.8000 25.0000 1.7000
v 29.8000 26.0000 1.7000
v 28.1000 26.0000 1.7000
v 30.1000 25.0000 1.0000
v 31.8000 25.0000 1.0000
v 31.8000 26.0000 1.0000
v 30.1000 26.0000 1.0000
v 30.1000 25.0000 1.7000
v 31.8000 25.0000 1.7000
v 31.8000 26.0000 1.7000
v 30.1000 26.0000 1.7000
v 32.1000 25.0000 1.0000
v 33.8000 25.0000 1.0000
v 33.8000 26.0000 1.0000
v 32.1000 26.0000 1.0000
v 32.1000 25.0000 1.7000
v 33.8000 25.0000 1.7000
v 33.8000 26.0000 1.7000
v 32.1000 26.0000 1.7000
v 34.1000 25.0000 1.0000
v 35.8000 25.0000 1.0000
v 35.8000 26.0000 1.0000
v 34.1000 26.0000 1.0000
v 34.1000 25.0000 1.7000
v 35.8000 25.0000 1.7000
v 35.8000 26.0000 1.7000
v 34.1000 26.0000 1.7000
v 36.1000 25.0000 1.0000
v 37.8000 25.0000 1.0000
v 37.8000 26.0000 1.0000
v 36.1000 26.0000 1.0000
v 36.1000 25.0000 1.7000
v 37.8000 25.0000 1.7000
v 37.8000 26.0000 1.7000
v 36.1000 26.0000 1.7000
v 26.1000 25.0000 2.0000
v 27.8000 25.0000 2.0000
v 27.8000 26.0000 2.0000
v 26.1000 26.0000 2.0000
v 26.1000 25.0000 2.7000
v 27.8000 25.0000 2.7000
v 27.8000 26.0000 2.7000
v 26.1000 26.0000 2.7000
v 28.1000 25.0000 2.0000
v 29.8000 25.0000 2.0000
v 29.8000 26.0000 2.0000
v 28.1000 26.0000 2.0000
v 28.1000 25.0000 2.7000
v 29.8000 25.0000 2.7000
v 29.8000 26.0000 2.7000
v 28.1000 26.0000 2.7000
v 30.1000 25.0000 2.0000
v 31.8000 25.0000 2.0000
v 31.8000 26.0000 2.0000
v 30.1000 26.0000 2.0000
v 30.1000 25.0000 2.7000
v 31.8000 25.0000 2.7000
v 31.8000 26.0000 2.7000
v 30.1000 26.0000 2.7000
v 32.1000 25.0000 2.0000
v 33.8000 25.0000 2.0000
v 33.8000 26.0000 2.0000
v 32.1000 26.0000 2.0000
v 32.1000 25.0000 2.7000
v 33.8000 25.0000 2.7000
v 33.8000 26.0000 2.7000
v 32.1000 26.0000 2.7000
v 34.1000 25.0000 2.0000
v 35.8000 25.0000 2.0000
v 35.8000 26.0000 2.0000
v 34.1000 26.0000 2.0000
v 34.1000 25.0000 2.7000
v 35.8000 25.0000 2.7000
v 35.8000 26.0000 2.7000
v 34.1000 26.0000 2.7000
v 36.1000 25.0000 2.0000
v 37.8000 25.0000 2.0000
v 37.8000 26.0000 2.0000
v 36.1000 26.0000 2.0000
v 36.1000 25.0000 2.7000
v 37.8000 25.0000 2.7000
v 37.8000 26.0000 2.7000
v 36.1000 26.0000 2.7000
v 26.1000 25.0000 3.0000
v 27.8000 25.0000 3.0000
v 27.8000 26.0000 3.0000
v 26.1000 26.0000 3.0000
v 26.1000 25.0000 3.7000
v 27.8000 25.0000 3.7000
v 27.8000 26.0000 3.7000
v 26.1000 26.0000 3.7000
v 28.1000 25.0000 3.0000
v 29.8000 25.0000 3.0000
v 29.8000 26.0000 3.0000
v 28.1000 26.0000 3.0000
v 28.1000 25.0000 3.7000
v 29.8000 25.0000 3.7000
v 29.8000 26.0000 3.7000
v 28.1000 26.0000 3.7000
v 30.1000 25.0000 3.0000
v 31.8000 25.0000 3.0000
v 31.8000 26.0000 3.0000
v 30.1000 26.0000 3.0000
v 30.1000 25.0000 3.7000
v 31.8000 25.0000 3.7000
v 31.8000 26.0000 3.7000
v 30.1000 26.0000 3.7000
v 32.1000 25.0000 3.0000
v 33.8000 25.0000 3.0000
v 33.8000 26.0000 3.0000
v 32.1000 26.0000 3.0000
v 32.1000 25.0000 3.7000
v 33.8000 25.0000 3.7000
v 33.8000 26.0000 3.7000
v 32.1000 26.0000 3.7000
v 34.1000 25.0000 3.0000
v 35.8000 25.0000 3.0000
v 35.8000 26.0000 3.0000
v 34.1000 26.0000 3.0000
v 34.1000 25.0000 3.7000
v 35.8000 25.0000 3.7000
v 35.8000 26.0000 3.7000
v 34.1000 26.0000 3.7000
v 36.1000 25.0000 3.0000
v 37.8000 25.0000 3.0000
v 37.8000 26.0000 3.0000
v 36.1000 26.0000 3.0000
v 36.1000 25.0000 3.7000
v 37.8000 25.0000 3.7000
v 37.8000 26.0000 3.7000
v 36.1000 26.0000 3.7000
v 26.1000 25.0000 4.0000
v 27.8000 25.0000 4.0000
v 27.8000 26.0000 4.0000
v 26.1000 26.0000 4.0000
v 26.1000 25.0000 4.7000
v 27.8000 25.0000 4.7000
v 27.8000 26.0000 4.7000
v 26.1000 26.0000 4.7000
v 28.1000 25.0000 4.0000
v 29.8000 25.0000 4.0000
v 29.8000 26.0000 4.0000
v 28.1000 26.0000 4.0000
v 28.1000 25.0000 4.7000
v 29.8000 25.0000 4.7000
v 29.8000 26.0000 4.7000
v 28.1000 26.0000 4.7000
v 30.1000 25.0000 4.0000
v 31.8000 25.0000 4.0000
v 31.8000 26.0000 4.0000
v 30.1000 26.0000 4.0000
v 30.1000 25.0000 4.7000
v 31.8000 25.0000 4.7000
v 31.8000 26.0000 4.7000
v 30.1000 26.0000 4.7000
v 32.1000 25.0000 4.0000
v 33.8000 25.0000 4.0000
v 33.8000 26.0000 4.0000
v 32.1000 26.0000 4.0000
v 32.1000 25.0000 4.7000
v 33.8000 25.0000 4.7000
v 33.8000 26.0000 4.7000
v 32.1000 26.0000 4.7000
v 34.1000 25.0000 4.0000
v 35.8000 25.0000 4.0000
v 35.8000 26.0000 4.0000
v 34.1000 26.0000 4.0000
v 34.1000 25.0000 4.7000
v 35.8000 25.0000 4.7000
v 35.8000 26.0000 4.7000
v 34.1000 26.0000 4.7000
v 36.1000 25.0000 4.0000
v 37.8000 25.0000 4.0000
v 37.8000 26.0000 4.0000
v 36.1000 26.0000 4.0000
v 36.1000 25.0000 4.7000
v 37.8000 25.0000 4.7000
v 37.8000 26.0000 4.7000
v 36.1000 26.0000 4.7000
v 14.0000 3.0000 0.0000
v 15.2000 3.0000 0.0000
v 15.2000 3.8000 0.0000
v 14.0000 3.8000 0.0000
v 14.0000 3.0000 0.1500
v 15.2000 3.0000 0.1500
v 15.2000 3.8000 0.1500
v 14.0000 3.8000 0.1500
v 14.1000 3.1000 0.1500
v 15.1000 3.1000 0.1500
v 15.1000 3.7000 0.1500
v 14.1000 3.7000 0.1500
v 14.1000 3.1000 0.7500
v 15.1000 3.1000 0.7500
v 15.1000 3.7000 0.7500
v 14.1000 3.7000 0.7500
v 14.0000 6.5000 0.0000
v 15.2000 6.5000 0.0000
v 15.2000 7.3000 0.0000
v 14.0000 7.3000 0.0000
v 14.0000 6.5000 0.1500
v 15.2000 6.5000 0.1500
v 15.2000 7.3000 0.1500
v 14.0000 7.3000 0.1500
v 14.1000 6.6000 0.1500
v 15.1000 6.6000 0.1500
v 15.1000 7.2000 0.1500
v 14.1000 7.2000 0.1500
v 14.1000 6.6000 1.0500
v 15.1000 6.6000 1.0500
v 15.1000 7.2000 1.0500
v 14.1000 7.2000 1.0500
v 14.0000 10.0000 0.0000
v 15.2000 10.0000 0.0000
v 15.2000 10.8000 0.0000
v 14.0000 10.8000 0.0000
v 14.0000 10.0000 0.1500
v 15.2000 10.0000 0.1500
v 15.2000 10.8000 0.1500
v 14.0000 10.8000 0.1500
v 14.1000 10.1000 0.1500
v 15.1000 10.1000 0.1500
v 15.1000 10.7000 0.1500
v 14.1000 10.7000 0.1500
v 14.1000 10.1000 0.9500
v 15.1000 10.1000 0.9500
v 15.1000 10.7000 0.9500
v 14.1000 10.7000 0.9500
v 14.0000 20.0000 0.0000
v 15.2000 20.0000 0.0000
v 15.2000 20.8000 0.0000
v 14.0000 20.8000 0.0000
v 14.0000 20.0000 0.1500
v 15.2000 20.0000 0.1500
v 15.2000 20.8000 0.1500
v 14.0000 20.8000 0.1500
v 14.1000 20.1000 0.1500
v 15.1000 20.1000 0.1500
v 15.1000 20.7000 0.1500
v 14.1000 20.7000 0.1500
v 14.1000 20.1000 0.8500
v 15.1000 20.1000 0.8500
v 15.1000 20.7000 0.8500
v 14.1000 20.7000 0.8500
v 14.0000 24.0000 0.0000
v 15.2000 24.0000 0.0000
v 15.2000 24.8000 0.0000
v 14.0000 24.8000 0.0000
v 14.0000 24.0000 0.1500
v 15.2000 24.0000 0.1500
v 15.2000 24.8000 0.1500
v 14.0000 24.8000 0.1500
v 14.1000 24.1000 0.1500
v 15.1000 24.1000 0.1500
v 15.1000 24.7000 0.1500
v 14.1000 24.7000 0.1500
v 14.1000 24.1000 0.9000
v 15.1000 24.1000 0.9000
v 15.1000 24.7000 0.9000
v 14.1000 24.7000 0.9000
v 17.0000 4.0000 0.0000
v 18.2000 4.0000 0.0000
v 18.2000 4.8000 0.0000
v 17.0000 4.8000 0.0000
v 17.0000 4.0000 0.1500
v 18.2000 4.0000 0.1500
v 18.2000 4.8000 0.1500
v 17.0000 4.8000 0.1500
v 17.1000 4.1000 0.1500
v 18.1000 4.1000 0.1500
v 18.1000 4.7000 0.1500
v 17.1000 4.7000 0.1500
v 17.1000 4.1000 1.1000
v 18.1000 4.1000 1.1000
v 18.1000 4.7000 1.1000
v 17.1000 4.7000 1.1000
v 17.0000 8.0000 0.0000
v 18.2000 8.0000 0.0000
v 18.2000 8.8000 0.0000
v 17.0000 8.8000 0.0000
v 17.0000 8.0000 0.1500
v 18.2000 8.0000 0.1500
v 18.2000 8.8000 0.1500
v 17.0000 8.8000 0.1500
v 17.1000 8.1000 0.1500
v 18.1000 8.1000 0.1500
v 18.1000 8.7000 0.1500
v 17.1000 8.7000 0.1500
v 17.1000 8.1000 1.1500
v 18.1000 8.1000 1.1500
v 18.1000 8.7000 1.1500
v 17.1000 8.7000 1.1500
v 17.0000 14.0000 0.0000
v 18.2000 14.0000 0.0000
v 18.2000 14.8000 0.0000
v 17.0000 14.8000 0.0000
v 17.0000 14.0000 0.1500
v 18.2000 14.0000 0.1500
v 18.2000 14.8000 0.1500
v 17.0000 14.8000 0.1500
v 17.1000 14.1000 0.1500
v 18.1000 14.1000 0.1500
v 18.1000 14.7000 0.1500
v 17.1000 14.7000 0.1500
v 17.1000 14.1000 1.0000
v 18.1000 14.1000 1.0000
v 18.1000 14.7000 1.0000
v 17.1000 14.7000 1.0000
v 17.0000 21.0000 0.0000
v 18.2000 21.0000 0.0000
v 18.2000 21.8000 0.0000
v 17.0000 21.8000 0.0000
v 17.0000 21.0000 0.1500
v 18.2000 21.0000 0.1500
v 18.2000 21.8000 0.1500
v 17.0000 21.8000 0.1500
v 17.1000 21.1000 0.1500
v 18.1000 21.1000 0.1500
v 18.1000 21.7000 0.1500
v 17.1000 21.7000 0.1500
v 17.1000 21.1000 0.7500
v 18.1000 21.1000 0.7500
v 18.1000 21.7000 0.7500
v 17.1000 21.7000 0.7500
v 17.0000 27.0000 0.0000
v 18.2000 27.0000 0.0000
v 18.2000 27.8000 0.0000
v 17.0000 27.8000 0.0000
v 17.0000 27.0000 0.1500
v 18.2000 27.0000 0.1500
v 18.2000 27.8000 0.1500
v 17.0000 27.8000 0.1500
v 17.1000 27.1000 0.1500
v 18.1000 27.1000 0.1500
v 18.1000 27.7000 0.1500
v 17.1000 27.7000 0.1500
v 17.1000 27.1000 1.0500
v 18.1000 27.1000 1.0500
v 18.1000 27.7000 1.0500
v 17.1000 27.7000 1.0500
v 21.0000 5.0000 0.0000
v 22.2000 5.0000 0.0000
v 22.2000 5.8000 0.0000
v 21.0000 5.8000 0.0000
v 21.0000 5.0000 0.1500
v 22.2000 5.0000 0.1500
v 22.2000 5.8000 0.1500
v 21.0000 5.8000 0.1500
v 21.1000 5.1000 0.1500
v 22.1000 5.1000 0.1500
v 22.1000 5.7000 0.1500
v 21.1000 5.7000 0.1500
v 21.1000 5.1000 1.1500
v 22.1000 5.1000 1.1500
v 22.1000 5.7000 1.1500
v 21.1000 5.7000 1.1500
v 21.0000 13.0000 0.0000
v 22.2000 13.0000 0.0000
v 22.2000 13.8000 0.0000
v 21.0000 13.8000 0.0000
v 21.0000 13.0000 0.1500
v 22.2000 13.0000 0.1500
v 22.2000 13.8000 0.1500
v 21.0000 13.8000 0.1500
v 21.1000 13.1000 0.1500
v 22.1000 13.1000 0.1500
v 22.1000 13.7000 0.1500
v 21.1000 13.7000 0.1500
v 21.1000 13.1000 0.8000
v 22.1000 13.1000 0.8000
v 22.1000 13.7000 0.8000
v 21.1000 13.7000 0.8000
v 21.0000 22.0000 0.0000
v 22.2000 22.0000 0.0000
v 22.2000 22.8000 0.0000
v 21.0000 22.8000 0.0000
v 21.0000 22.0000 0.1500
v 22.2000 22.0000 0.1500
v 22.2000 22.8000 0.1500
v 21.0000 22.8000 0.1500
v 21.1000 22.1000 0.1500
v 22.1000 22.1000 0.1500
v 22.1000 22.7000 0.1500
v 21.1000 22.7000 0.1500
v 21.1000 22.1000 0.8000
v 22.1000 22.1000 0.8000
v 22.1000 22.7000 0.8000
v 21.1000 22.7000 0.8000
v 38.0000 3.0000 0.0000
v 39.2000 3.0000 0.0000
v 39.2000 3.8000 0.0000
v 38.0000 3.8000 0.0000
v 38.0000 3.0000 0.1500
v 39.2000 3.0000 0.1500
v 39.2000 3.8000 0.1500
v 38.0000 3.8000 0.1500
v 38.1000 3.1000 0.1500
v 39.1000 3.1000 0.1500
v 39.1000 3.7000 0.1500
v 38.1000 3.7000 0.1500
v 38.1000 3.1000 0.7500
v 39.1000 3.1000 0.7500
v 39.1000 3.7000 0.7500
v 38.1000 3.7000 0.7500
v 38.0000 11.0000 0.0000
v 39.2000 11.0000 0.0000
v 39.2000 11.8000 0.0000
v 38.0000 11.8000 0.0000
v 38.0000 11.0000 0.1500
v 39.2000 11.0000 0.1500
v 39.2000 11.8000 0.1500
v 38.0000 11.8000 0.1500
v 38.1000 11.1000 0.1500
v 39.1000 11.1000 0.1500
v 39.1000 11.7000 0.1500
v 38.1000 11.7000 0.1500
v 38.1000 11.1000 0.8500
v 39.1000 11.1000 0.8500
v 39.1000 11.7000 0.8500
v 38.1000 11.7000 0.8500
v 38.0000 18.0000 0.0000
v 39.2000 18.0000 0.0000
v 39.2000 18.8000 0.0000
v 38.0000 18.8000 0.0000
v 38.0000 18.0000 0.1500
v 39.2000 18.0000 0.1500
v 39.2000 18.8000 0.1500
v 38.0000 18.8000 0.1500
v 38.1000 18.1000 0.1500
v 39.1000 18.1000 0.1500
v 39.1000 18.7000 0.1500
v 38.1000 18.7000 0.1500
v 38.1000 18.1000 1.0500
v 39.1000 18.1000 1.0500
v 39.1000 18.7000 1.0500
v 38.1000 18.7000 1.0500
v 38.0000 25.0000 0.0000
v 39.2000 25.0000 0.0000
v 39.2000 25.8000 0.0000
v 38.0000 25.8000 0.0000
v 38.0000 25.0000 0.1500
v 39.2000 25.0000 0.1500
v 39.2000 25.8000 0.1500
v 38.0000 25.8000 0.1500
v 38.1000 25.1000 0.1500
v 39.1000 25.1000 0.1500
v 39.1000 25.7000 0.1500
v 38.1000 25.7000 0.1500
v 38.1000 25.1000 0.8000
v 39.1000 25.1000 0.8000
v 39.1000 25.7000 0.8000
v 38.1000 25.7000 0.8000
v 43.0000 6.0000 0.0000
v 44.2000 6.0000 0.0000
v 44.2000 6.8000 0.0000
v 43.0000 6.8000 0.0000
v 43.0000 6.0000 0.1500
v 44.2000 6.0000 0.1500
v 44.2000 6.8000 0.1500
v 43.0000 6.8000 0.1500
v 43.1000 6.1000 0.1500
v 44.1000 6.1000 0.1500
v 44.1000 6.7000 0.1500
v 43.1000 6.7000 0.1500
v 43.1000 6.1000 0.7500
v 44.1000 6.1000 0.7500
v 44.1000 6.7000 0.7500
v 43.1000 6.7000 0.7500
v 43.0000 20.0000 0.0000
v 44.2000 20.0000 0.0000
v 44.2000 20.8000 0.0000
v 43.0000 20.8000 0.0000
v 43.0000 20.0000 0.1500
v 44.2000 20.0000 0.1500
v 44.2000 20.8000 0.1500
v 43.0000 20.8000 0.1500
v 43.1000 20.1000 0.1500
v 44.1000 20.1000 0.1500
v 44.1000 20.7000 0.1500
v 43.1000 20.7000 0.1500
v 43.1000 20.1000 1.1500
v 44.1000 20.1000 1.1500
v 44.1000 20.7000 1.1500
v 43.1000 20.7000 1.1500
v 22.0000 13.0000 0.0000
v 23.8000 13.0000 0.0000
v 23.8000 14.8000 0.0000
v 22.0000 14.8000 0.0000
v 22.0000 13.0000 1.4000
v 23.8000 13.0000 1.4000
v 23.8000 14.8000 1.4000
v 22.0000 14.8000 1.4000
v 22.0000 13.0000 1.4000
v 22.2500 13.0000 1.4000
v 22.2500 14.8000 1.4000
v 22.0000 14.8000 1.4000
v 22.0000 13.0000 4.2000
v 22.2500 13.0000 4.2000
v 22.2500 14.8000 4.2000
v 22.0000 14.8000 4.2000
v 21.6000 13.2000 1.8000
v 22.0000 13.2000 1.8000
v 22.0000 14.6000 1.8000
v 21.6000 14.6000 1.8000
v 21.6000 13.2000 1.9500
v 22.0000 13.2000 1.9500
v 22.0000 14.6000 1.9500
v 21.6000 14.6000 1.9500
v 23.5000 6.0000 0.0000
v 25.3000 6.0000 0.0000
v 25.3000 7.8000 0.0000
v 23.5000 7.8000 0.0000
v 23.5000 6.0000 1.4000
v 25.3000 6.0000 1.4000
v 25.3000 7.8000 1.4000
v 23.5000 7.8000 1.4000
v 25.0000 6.0000 1.4000
v 25.3000 6.0000 1.4000
v 25.3000 7.8000 1.4000
v 25.0000 7.8000 1.4000
v 25.0000 6.0000 4.2000
v 25.3000 6.0000 4.2000
v 25.3000 7.8000 4.2000
v 25.0000 7.8000 4.2000
v 44.0000 0.0000 2.5000
v 50.0000 0.0000 2.5000
v 50.0000 12.0000 2.5000
v 44.0000 12.0000 2.5000
v 44.0000 0.0000 2.7000
v 50.0000 0.0000 2.7000
v 50.0000 12.0000 2.7000
v 44.0000 12.0000 2.7000
v 44.0000 0.0000 0.0000
v 44.2500 0.0000 0.0000
v 44.2500 12.0000 0.0000
v 44.0000 12.0000 0.0000
v 44.0000 0.0000 2.5000
v 44.2500 0.0000 2.5000
v 44.2500 12.0000 2.5000
v 44.0000 12.0000 2.5000
v 44.0000 12.0000 0.0000
v 50.0000 12.0000 0.0000
v 50.0000 12.2500 0.0000
v 44.0000 12.2500 0.0000
v 44.0000 12.0000 2.5000
v 50.0000 12.0000 2.5000
v 50.0000 12.2500 2.5000
v 44.0000 12.2500 2.5000
v 42.5000 0.0000 0.0000
v 44.0000 0.0000 0.0000
v 44.0000 0.9000 0.0000
v 42.5000 0.9000 0.0000
v 42.5000 0.0000 0.0500
v 44.0000 0.0000 0.0500
v 44.0000 0.9000 0.0500
v 42.5000 0.9000 0.0500
v 42.5000 0.9000 0.2500
v 44.0000 0.9000 0.2500
v 44.0000 1.8000 0.2500
v 42.5000 1.8000 0.2500
v 42.5000 0.9000 0.3000
v 44.0000 0.9000 0.3000
v 44.0000 1.8000 0.3000
v 42.5000 1.8000 0.3000
v 42.5000 1.8000 0.5000
v 44.0000 1.8000 0.5000
v 44.0000 2.7000 0.5000
v 42.5000 2.7000 0.5000
v 42.5000 1.8000 0.5500
v 44.0000 1.8000 0.5500
v 44.0000 2.7000 0.5500
v 42.5000 2.7000 0.5500
v 42.5000 2.7000 0.7500
v 44.0000 2.7000 0.7500
v 44.0000 3.6000 0.7500
v 42.5000 3.6000 0.7500
v 42.5000 2.7000 0.8000
v 44.0000 2.7000 0.8000
v 44.0000 3.6000 0.8000
v 42.5000 3.6000 0.8000
v 42.5000 3.6000 1.0000
v 44.0000 3.6000 1.0000
v 44.0000 4.5000 1.0000
v 42.5000 4.5000 1.0000
v 42.5000 3.6000 1.0500
v 44.0000 3.6000 1.0500
v 44.0000 4.5000 1.0500
v 42.5000 4.5000 1.0500
v 42.5000 4.5000 1.2500
v 44.0000 4.5000 1.2500
v 44.0000 5.4000 1.2500
v 42.5000 5.4000 1.2500
v 42.5000 4.5000 1.3000
v 44.0000 4.5000 1.3000
v 44.0000 5.4000 1.3000
v 42.5000 5.4000 1.3000
v 42.5000 5.4000 1.5000
v 44.0000 5.4000 1.5000
v 44.0000 6.3000 1.5000
v 42.5000 6.3000 1.5000
v 42.5000 5.4000 1.5500
v 44.0000 5.4000 1.5500
v 44.0000 6.3000 1.5500
v 42.5000 6.3000 1.5500
v 42.5000 6.3000 1.7500
v 44.0000 6.3000 1.7500
v 44.0000 7.2000 1.7500
v 42.5000 7.2000 1.7500
v 42.5000 6.3000 1.8000
v 44.0000 6.3000 1.8000
v 44.0000 7.2000 1.8000
v 42.5000 7.2000 1.8000
v 42.5000 7.2000 2.0000
v 44.0000 7.2000 2.0000
v 44.0000 8.1000 2.0000
v 42.5000 8.1000 2.0000
v 42.5000 7.2000 2.0500
v 44.0000 7.2000 2.0500
v 44.0000 8.1000 2.0500
v 42.5000 8.1000 2.0500
v 42.5000 8.1000 2.2500
v 44.0000 8.1000 2.2500
v 44.0000 9.0000 2.2500
v 42.5000 9.0000 2.2500
v 42.5000 8.1000 2.3000
v 44.0000 8.1000 2.3000
v 44.0000 9.0000 2.3000
v 42.5000 9.0000 2.3000
v 12.6500 1.5000 0.0000
v 12.6299 1.5750 0.0000
v 12.5750 1.6299 0.0000
v 12.5000 1.6500 0.0000
v 12.4250 1.6299 0.0000
v 12.3701 1.5750 0.0000
v 12.3500 1.5000 0.0000
v 12.3701 1.4250 0.0000
v 12.4250 1.3701 0.0000
v 12.5000 1.3500 0.0000
v 12.5750 1.3701 0.0000
v 12.6299 1.4250 0.0000
v 12.6500 1.5000 6.0000
v 12.6299 1.5750 6.0000
v 12.5750 1.6299 6.0000
v 12.5000 1.6500 6.0000
v 12.4250 1.6299 6.0000
v 12.3701 1.5750 6.0000
v 12.3500 1.5000 6.0000
v 12.3701 1.4250 6.0000
v 12.4250 1.3701 6.0000
v 12.5000 1.3500 6.0000
v 12.5750 1.3701 6.0000
v 12.6299 1.4250 6.0000
v 12.5000 1.5000 0.0000
v 12.5000 1.5000 6.0000
v 12.6500 28.5000 0.0000
v 12.6299 28.5750 0.0000
v 12.5750 28.6299 0.0000
v 12.5000 28.6500 0.0000
v 12.4250 28.6299 0.0000
v 12.3701 28.5750 0.0000
v 12.3500 28.5000 0.0000
v 12.3701 28.4250 0.0000
v 12.4250 28.3701 0.0000
v 12.5000 28.3500 0.0000
v 12.5750 28.3701 0.0000
v 12.6299 28.4250 0.0000
v 12.6500 28.5000 6.0000
v 12.6299 28.5750 6.0000
v 12.5750 28.6299 6.0000
v 12.5000 28.6500 6.0000
v 12.4250 28.6299 6.0000
v 12.3701 28.5750 6.0000
v 12.3500 28.5000 6.0000
v 12.3701 28.4250 6.0000
v 12.4250 28.3701 6.0000
v 12.5000 28.3500 6.0000
v 12.5750 28.3701 6.0000
v 12.6299 28.4250 6.0000
v 12.5000 28.5000 0.0000
v 12.5000 28.5000 6.0000
v 24.6500 1.5000 0.0000
v 24.6299 1.5750 0.0000
v 24.5750 1.6299 0.0000
v 24.5000 1.6500 0.0000
v 24.4250 1.6299 0.0000
v 24.3701 1.5750 0.0000
v 24.3500 1.5000 0.0000
v 24.3701 1.4250 0.0000
v 24.4250 1.3701 0.0000
v 24.5000 1.3500 0.0000
v 24.5750 1.3701 0.0000
v 24.6299 1.4250 0.0000
v 24.6500 1.5000 6.0000
v 24.6299 1.5750 6.0000
v 24.5750 1.6299 6.0000
v 24.5000 1.6500 6.0000
v 24.4250 1.6299 6.0000
v 24.3701 1.5750 6.0000
v 24.3500 1.5000 6.0000
v 24.3701 1.4250 6.0000
v 24.4250 1.3701 6.0000
v 24.5000 1.3500 6.0000
v 24.5750 1.3701 6.0000
v 24.6299 1.4250 6.0000
v 24.5000 1.5000 0.0000
v 24.5000 1.5000 6.0000
v 24.6500 28.5000 0.0000
v 24.6299 28.5750 0.0000
v 24.5750 28.6299 0.0000
v 24.5000 28.6500 0.0000
v 24.4250 28.6299 0.0000
v 24.3701 28.5750 0.0000
v 24.3500 28.5000 0.0000
v 24.3701 28.4250 0.0000
v 24.4250 28.3701 0.0000
v 24.5000 28.3500 0.0000
v 24.5750 28.3701 0.0000
v 24.6299 28.4250 0.0000
v 24.6500 28.5000 6.0000
v 24.6299 28.5750 6.0000
v 24.5750 28.6299 6.0000
v 24.5000 28.6500 6.0000
v 24.4250 28.6299 6.0000
v 24.3701 28.5750 6.0000
v 24.3500 28.5000 6.0000
v 24.3701 28.4250 6.0000
v 24.4250 28.3701 6.0000
v 24.5000 28.3500 6.0000
v 24.5750 28.3701 6.0000
v 24.6299 28.4250 6.0000
v 24.5000 28.5000 0.0000
v 24.5000 28.5000 6.0000
f 1 3 2
f 1 4 3
f 5 6 7
f 5 7 8
f 1 2 6
f 1 6 5
f 3 4 8
f 3 8 7
f 1 5 8
f 1 8 4
f 2 3 7
f 2 7 6
f 9 11 10
f 9 12 11
f 13 14 15
f 13 15 16
f 9 10 14
f 9 14 13
f 11 12 16
f 11 16 15
f 9 13 16
f 9 16 12
f 10 11 15
f 10 15 14
f 17 19 18
f 17 20 19
f 21 22 23
f 21 23 24
f 17 18 22
f 17 22 21
f 19 20 24
f 19 24 23
f 17 21 24
f 17 24 20
f 18 19 23
f 18 23 22
f 25 27 26
f 25 28 27
f 29 30 31
f 29 31 32
f 25 26 30
f 25 30 29
f 27 28 32
f 27 32 31
f 25 29 32
f 25 32 28
f 26 27 31
f 26 31 30
f 33 35 34
f 33 36 35
f 37 38 39
f 37 39 40
f 33 34 38
f 33 38 37
f 35 36 40
f 35 40 39
f 33 37 40
f 33 40 36
f 34 35 39
f 34 39 38
f 41 43 42
f 41 44 43
f 45 46 47
f 45 47 48
f 41 42 46
f 41 46 45
f 43 44 48
f 43 48 47
f 41 45 48
f 41 48 44
f 42 43 47
f 42 47 46
f 49 51 50
f 49 52 51
f 53 54 55
f 53 55 56
f 49 50 54
f 49 54 53
f 51 52 56
f 51 56 55
f 49 53 56
f 49 56 52
f 50 51 55
f 50 55 54
f 57 59 58
f 57 60 59
f 61 62 63
f 61 63 64
f 57 58 62
f 57 62 61
f 59 60 64
f 59 64 63
f 57 61 64
f 57 64 60
f 58 59 63
f 58 63 62
f 65 67 66
f 65 68 67
f 69 70 71
f 69 71 72
f 65 66 70
f 65 70 69
f 67 68 72
f 67 72 71
f 65 69 72
f 65 72 68
f 66 67 71
f 66 71 70
f 73 75 74
f 73 76 75
f 77 78 79
f 77 79 80
f 73 74 78
f 73 78 77
f 75 76 80
f 75 80 79
f 73 77 80
f 73 80 76
f 74 75 79
f 74 79 78
f 81 83 82
f 81 84 83
f 85 86 87
f 85 87 88
f 81 82 86
f 81 86 85
f 83 84 88
f 83 88 87
f 81 85 88
f 81 88 84
f 82 83 87
f 82 87 86
f 89 91 90
f 89 92 91
f 93 94 95
f 93 95 96
f 89 90 94
f 89 94 93
f 91 92 96
f 91 96 95
f 89 93 96
f 89 96 92
f 90 91 95
f 90 95 94
f 97 99 98
f 97 100 99
f 101 102 103
f 101 103 104
f 97 98 102
f 97 102 101
f 99 100 104
f 99 104 103
f 97 101 104
f 97 104 100
f 98 99 103
f 98 103 102
f 105 107 106
f 105 108 107
f 109 110 111
f 109 111 112
f 105 106 110
f 105 110 109
f 107 108 112
f 107 112 111
f 105 109 112
f 105 112 108
f 106 107 111
f 106 111 110
f 113 115 114
f 113 116 115
f 117 118 119
f 117 119 120
f 113 114 118
f 113 118 117
f 115 116 120
f 115 120 119
f 113 117 120
f 113 120 116
f 114 115 119
f 114 119 118
f 121 123 122
f 121 124 123
f 125 126 127
f 125 127 128
f 121 122 126
f 121 126 125
f 123 124 128
f 123 128 127
f 121 125 128
f 121 128 124
f 122 123 127
f 122 127 126
f 129 131 130
f 129 132 131
f 133 134 135
f 133 135 136
f 129 130 134
f 129 134 133
f 131 132 136
f 131 136 135
f 129 133 136
f 129 136 132
f 130 131 135
f 130 135 134
f 137 139 138
f 137 140 139
f 141 142 143
f 141 143 144
f 137 138 142
f 137 142 141
f 139 140 144
f 139 144 143
f 137 141 144
f 137 144 140
f 138 139 143
f 138 143 142
f 145 147 146
f 145 148 147
f 149 150 151
f 149 151 152
f 145 146 150
f 145 150 149
f 147 148 152
f 147 152 151
f 145 149 152
f 145 152 148
f 146 147 151
f 146 151 150
f 153 155 154
f 153 156 155
f 157 158 159
f 157 159 160
f 153 154 158
f 153 158 157
f 155 156 160
f 155 160 159
f 153 157 160
f 153 160 156
f 154 155 159
f 154 159 158
f 161 163 162
f 161 164 163
f 165 166 167
f 165 167 168
f 161 162 166
f 161 166 165
f 163 164 168
f 163 168 167
f 161 165 168
f 161 168 164
f 162 163 167
f 162 167 166
f 169 171 170
f 169 172 171
f 173 174 175
f 173 175 176
f 169 170 174
f 169 174 173
f 171 172 176
f 171 176 175
f 169 173 176
f 169 176 172
f 170 171 175
f 170 175 174
f 177 179 178
f 177 180 179
f 181 182 183
f 181 183 184
f 177 178 182
f 177 182 181
f 179 180 184
f 179 184 183
f 177 181 184
f 177 184 180
f 178 179 183
f 178 183 182
f 185 187 186
f 185 188 187
f 189 190 191
f 189 191 192
f 185 186 190
f 185 190 189
f 187 188 192
f 187 192 191
f 185 189 192
f 185 192 188
f 186 187 191
f 186 191 190
f 193 195 194
f 193 196 195
f 197 198 199
f 197 199 200
f 193 194 198
f 193 198 197
f 195 196 200
f 195 200 199
f 193 197 200
f 193 200 196
f 194 195 199
f 194 199 198
f 201 203 202
f 201 204 203
f 205 206 207
f 205 207 208
f 201 202 206
f 201 206 205
f 203 204 208
f 203 208 207
f 201 205 208
f 201 208 204
f 202 203 207
f 202 207 206
f 209 211 210
f 209 212 211
f 213 214 215
f 213 215 216
f 209 210 214
f 209 214 213
f 211 212 216
f 211 216 215
f 209 213 216
f 209 216 212
f 210 211 215
f 210 215 214
f 217 219 218
f 217 220 219
f 221 222 223
f 221 223 224
f 217 218 222
f 217 222 221
f 219 220 224
f 219 224 223
f 217 221 224
f 217 224 220
f 218 219 223
f 218 223 222
f 225 227 226
f 225 228 227
f 229 230 231
f 229 231 232
f 225 226 230
f 225 230 229
f 227 228 232
f 227 232 231
f 225 229 232
f 225 232 228
f 226 227 231
f 226 231 230
f 233 235 234
f 233 236 235
f 237 238 239
f 237 239 240
f 233 234 238
f 233 238 237
f 235 236 240
f 235 240 239
f 233 237 240
f 233 240 236
f 234 235 239
f 234 239 238
f 241 243 242
f 241 244 243
f 245 246 247
f 245 247 248
f 241 242 246
f 241 246 245
f 243 244 248
f 243 248 247
f 241 245 248
f 241 248 244
f 242 243 247
f 242 247 246
f 249 251 250
f 249 252 251
f 253 254 255
f 253 255 256
f 249 250 254
f 249 254 253
f 251 252 256
f 251 256 255
f 249 253 256
f 249 256 252
f 250 251 255
f 250 255 254
f 257 259 258
f 257 260 259
f 261 262 263
f 261 263 264
f 257 258 262
f 257 262 261
f 259 260 264
f 259 264 263
f 257 261 264
f 257 264 260
f 258 259 263
f 258 263 262
f 265 267 266
f 265 268 267
f 269 270 271
f 269 271 272
f 265 266 270
f 265 270 269
f 267 268 272
f 267 272 271
f 265 269 272
f 265 272 268
f 266 267 271
f 266 271 270
f 273 275 274
f 273 276 275
f 277 278 279
f 277 279 280
f 273 274 278
f 273 278 277
f 275 276 280
f 275 280 279
f 273 277 280
f 273 280 276
f 274 275 279
f 274 279 278
f 281 283 282
f 281 284 283
f 285 286 287
f 285 287 288
f 281 282 286
f 281 286 285
f 283 284 288
f 283 288 287
f 281 285 288
f 281 288 284
f 282 283 287
f 282 287 286
f 289 291 290
f 289 292 291
f 293 294 295
f 293 295 296
f 289 290 294
f 289 294 293
f 291 292 296
f 291 296 295
f 289 293 296
f 289 296 292
f 290 291 295
f 290 295 294
f 297 299 298
f 297 300 299
f 301 302 303
f 301 303 304
f 297 298 302
f 297 302 301
f 299 300 304
f 299 304 303
f 297 301 304
f 297 304 300
f 298 299 303
f 298 303 302
f 305 307 306
f 305 308 307
f 309 310 311
f 309 311 312
f 305 306 310
f 305 310 309
f 307 308 312
f 307 312 311
f 305 309 312
f 305 312 308
f 306 307 311
f 306 311 310
f 313 315 314
f 313 316 315
f 317 318 319
f 317 319 320
f 313 314 318
f 313 318 317
f 315 316 320
f 315 320 319
f 313 317 320
f 313 320 316
f 314 315 319
f 314 319 318
f 321 323 322
f 321 324 323
f 325 326 327
f 325 327 328
f 321 322 326
f 321 326 325
f 323 324 328
f 323 328 327
f 321 325 328
f 321 328 324
f 322 323 327
f 322 327 326
f 329 331 330
f 329 332 331
f 333 334 335
f 333 335 336
f 329 330 334
f 329 334 333
f 331 332 336
f 331 336 335
f 329 333 336
f 329 336 332
f 330 331 335
f 330 335 334
f 337 339 338
f 337 340 339
f 341 342 343
f 341 343 344
f 337 338 342
f 337 342 341
f 339 340 344
f 339 344 343
f 337 341 344
f 337 344 340
f 338 339 343
f 338 343 342
f 345 347 346
f 345 348 347
f 349 350 351
f 349 351 352
f 345 346 350
f 345 350 349
f 347 348 352
f 347 352 351
f 345 349 352
f 345 352 348
f 346 347 351
f 346 351 350
f 353 355 354
f 353 356 355
f 357 358 359
f 357 359 360
f 353 354 358
f 353 358 357
f 355 356 360
f 355 360 359
f 353 357 360
f 353 360 356
f 354 355 359
f 354 359 358
f 361 363 362
f 361 364 363
f 365 366 367
f 365 367 368
f 361 362 366
f 361 366 365
f 363 364 368
f 363 368 367
f 361 365 368
f 361 368 364
f 362 363 367
f 362 367 366
f 369 371 370
f 369 372 371
f 373 374 375
f 373 375 376
f 369 370 374
f 369 374 373
f 371 372 376
f 371 376 375
f 369 373 376
f 369 376 372
f 370 371 375
f 370 375 374
f 377 379 378
f 377 380 379
f 381 382 383
f 381 383 384
f 377 378 382
f 377 382 381
f 379 380 384
f 379 384 383
f 377 381 384
f 377 384 380
f 378 379 383
f 378 383 382
f 385 387 386
f 385 388 387
f 389 390 391
f 389 391 392
f 385 386 390
f 385 390 389
f 387 388 392
f 387 392 391
f 385 389 392
f 385 392 388
f 386 387 391
f 386 391 390
f 393 395 394
f 393 396 395
f 397 398 399
f 397 399 400
f 393 394 398
f 393 398 397
f 395 396 400
f 395 400 399
f 393 397 400
f 393 400 396
f 394 395 399
f 394 399 398
f 401 403 402
f 401 404 403
f 405 406 407
f 405 407 408
f 401 402 406
f 401 406 405
f 403 404 408
f 403 408 407
f 401 405 408
f 401 408 404
f 402 403 407
f 402 407 406
f 409 411 410
f 409 412 411
f 413 414 415
f 413 415 416
f 409 410 414
f 409 414 413
f 411 412 416
f 411 416 415
f 409 413 416
f 409 416 412
f 410 411 415
f 410 415 414
f 417 419 418
f 417 420 419
f 421 422 423
f 421 423 424
f 417 418 422
f 417 422 421
f 419 420 424
f 419 424 423
f 417 421 424
f 417 424 420
f 418 419 423
f 418 423 422
f 425 427 426
f 425 428 427
f 429 430 431
f 429 431 432
f 425 426 430
f 425 430 429
f 427 428 432
f 427 432 431
f 425 429 432
f 425 432 428
f 426 427 431
f 426 431 430
f 433 435 434
f 433 436 435
f 437 438 439
f 437 439 440
f 433 434 438
f 433 438 437
f 435 436 440
f 435 440 439
f 433 437 440
f 433 440 436
f 434 435 439
f 434 439 438
f 441 443 442
f 441 444 443
f 445 446 447
f 445 447 448
f 441 442 446
f 441 446 445
f 443 444 448
f 443 448 447
f 441 445 448
f 441 448 444
f 442 443 447
f 442 447 446
f 449 451 450
f 449 452 451
f 453 454 455
f 453 455 456
f 449 450 454
f 449 454 453
f 451 452 456
f 451 456 455
f 449 453 456
f 449 456 452
f 450 451 455
f 450 455 454
f 457 459 458
f 457 460 459
f 461 462 463
f 461 463 464
f 457 458 462
f 457 462 461
f 459 460 464
f 459 464 463
f 457 461 464
f 457 464 460
f 458 459 463
f 458 463 462
f 465 467 466
f 465 468 467
f 469 470 471
f 469 471 472
f 465 466 470
f 465 470 469
f 467 468 472
f 467 472 471
f 465 469 472
f 465 472 468
f 466 467 471
f 466 471 470
f 473 475 474
f 473 476 475
f 477 478 479
f 477 479 480
f 473 474 478
f 473 478 477
f 475 476 480
f 475 480 479
f 473 477 480
f 473 480 476
f 474 475 479
f 474 479 478
f 481 483 482
f 481 484 483
f 485 486 487
f 485 487 488
f 481 482 486
f 481 486 485
f 483 484 488
f 483 488 487
f 481 485 488
f 481 488 484
f 482 483 487
f 482 487 486
f 489 491 490
f 489 492 491
f 493 494 495
f 493 495 496
f 489 490 494
f 489 494 493
f 491 492 496
f 491 496 495
f 489 493 496
f 489 496 492
f 490 491 495
f 490 495 494
f 497 499 498
f 497 500 499
f 501 502 503
f 501 503 504
f 497 498 502
f 497 502 501
f 499 500 504
f 499 504 503
f 497 501 504
f 497 504 500
f 498 499 503
f 498 503 502
f 505 507 506
f 505 508 507
f 509 510 511
f 509 511 512
f 505 506 510
f 505 510 509
f 507 508 512
f 507 512 511
f 505 509 512
f 505 512 508
f 506 507 511
f 506 511 510
f 513 515 514
f 513 516 515
f 517 518 519
f 517 519 520
f 513 514 518
f 513 518 517
f 515 516 520
f 515 520 519
f 513 517 520
f 513 520 516
f 514 515 519
f 514 519 518
f 521 523 522
f 521 524 523
f 525 526 527
f 525 527 528
f 521 522 526
f 521 526 525
f 523 524 528
f 523 528 527
f 521 525 528
f 521 528 524
f 522 523 527
f 522 527 526
f 529 531 530
f 529 532 531
f 533 534 535
f 533 535 536
f 529 530 534
f 529 534 533
f 531 532 536
f 531 536 535
f 529 533 536
f 529 536 532
f 530 531 535
f 530 535 534
f 537 539 538
f 537 540 539
f 541 542 543
f 541 543 544
f 537 538 542
f 537 542 541
f 539 540 544
f 539 544 543
f 537 541 544
f 537 544 540
f 538 539 543
f 538 543 542
f 545 547 546
f 545 548 547
f 549 550 551
f 549 551 552
f 545 546 550
f 545 550 549
f 547 548 552
f 547 552 551
f 545 549 552
f 545 552 548
f 546 547 551
f 546 551 550
f 553 555 554
f 553 556 555
f 557 558 559
f 557 559 560
f 553 554 558
f 553 558 557
f 555 556 560
f 555 560 559
f 553 557 560
f 553 560 556
f 554 555 559
f 554 559 558
f 561 563 562
f 561 564 563
f 565 566 567
f 565 567 568
f 561 562 566
f 561 566 565
f 563 564 568
f 563 568 567
f 561 565 568
f 561 568 564
f 562 563 567
f 562 567 566
f 569 571 570
f 569 572 571
f 573 574 575
f 573 575 576
f 569 570 574
f 569 574 573
f 571 572 576
f 571 576 575
f 569 573 576
f 569 576 572
f 570 571 575
f 570 575 574
f 577 579 578
f 577 580 579
f 581 582 583
f 581 583 584
f 577 578 582
f 577 582 581
f 579 580 584
f 579 584 583
f 577 581 584
f 577 584 580
f 578 579 583
f 578 583 582
f 585 587 586
f 585 588 587
f 589 590 591
f 589 591 592
f 585 586 590
f 585 590 589
f 587 588 592
f 587 592 591
f 585 589 592
f 585 592 588
f 586 587 591
f 586 591 590
f 593 595 594
f 593 596 595
f 597 598 599
f 597 599 600
f 593 594 598
f 593 598 597
f 595 596 600
f 595 600 599
f 593 597 600
f 593 600 596
f 594 595 599
f 594 599 598
f 601 603 602
f 601 604 603
f 605 606 607
f 605 607 608
f 601 602 606
f 601 606 605
f 603 604 608
f 603 608 607
f 601 605 608
f 601 608 604
f 602 603 607
f 602 607 606
f 609 611 610
f 609 612 611
f 613 614 615
f 613 615 616
f 609 610 614
f 609 614 613
f 611 612 616
f 611 616 615
f 609 613 616
f 609 616 612
f 610 611 615
f 610 615 614
f 617 619 618
f 617 620 619
f 621 622 623
f 621 623 624
f 617 618 622
f 617 622 621
f 619 620 624
f 619 624 623
f 617 621 624
f 617 624 620
f 618 619 623
f 618 623 622
f 625 627 626
f 625 628 627
f 629 630 631
f 629 631 632
f 625 626 630
f 625 630 629
f 627 628 632
f 627 632 631
f 625 629 632
f 625 632 628
f 626 627 631
f 626 631 630
f 633 635 634
f 633 636 635
f 637 638 639
f 637 639 640
f 633 634 638
f 633 638 637
f 635 636 640
f 635 640 639
f 633 637 640
f 633 640 636
f 634 635 639
f 634 639 638
f 641 643 642
f 641 644 643
f 645 646 647
f 645 647 648
f 641 642 646
f 641 646 645
f 643 644 648
f 643 648 647
f 641 645 648
f 641 648 644
f 642 643 647
f 642 647 646
f 649 651 650
f 649 652 651
f 653 654 655
f 653 655 656
f 649 650 654
f 649 654 653
f 651 652 656
f 651 656 655
f 649 653 656
f 649 656 652
f 650 651 655
f 650 655 654
f 657 659 658
f 657 660 659
f 661 662 663
f 661 663 664
f 657 658 662
f 657 662 661
f 659 660 664
f 659 664 663
f 657 661 664
f 657 664 660
f 658 659 663
f 658 663 662
f 665 667 666
f 665 668 667
f 669 670 671
f 669 671 672
f 665 666 670
f 665 670 669
f 667 668 672
f 667 672 671
f 665 669 672
f 665 672 668
f 666 667 671
f 666 671 670
f 673 675 674
f 673 676 675
f 677 678 679
f 677 679 680
f 673 674 678
f 673 678 677
f 675 676 680
f 675 680 679
f 673 677 680
f 673 680 676
f 674 675 679
f 674 679 678
f 681 683 682
f 681 684 683
f 685 686 687
f 685 687 688
f 681 682 686
f 681 686 685
f 683 684 688
f 683 688 687
f 681 685 688
f 681 688 684
f 682 683 687
f 682 687 686
f 689 691 690
f 689 692 691
f 693 694 695
f 693 695 696
f 689 690 694
f 689 694 693
f 691 692 696
f 691 696 695
f 689 693 696
f 689 696 692
f 690 691 695
f 690 695 694
f 697 699 698
f 697 700 699
f 701 702 703
f 701 703 704
f 697 698 702
f 697 702 701
f 699 700 704
f 699 704 703
f 697 701 704
f 697 704 700
f 698 699 703
f 698 703 702
f 705 707 706
f 705 708 707
f 709 710 711
f 709 711 712
f 705 706 710
f 705 710 709
f 707 708 712
f 707 712 711
f 705 709 712
f 705 712 708
f 706 707 711
f 706 711 710
f 713 715 714
f 713 716 715
f 717 718 719
f 717 719 720
f 713 714 718
f 713 718 717
f 715 716 720
f 715 720 719
f 713 717 720
f 713 720 716
f 714 715 719
f 714 719 718
f 721 723 722
f 721 724 723
f 725 726 727
f 725 727 728
f 721 722 726
f 721 726 725
f 723 724 728
f 723 728 727
f 721 725 728
f 721 728 724
f 722 723 727
f 722 727 726
f 729 731 730
f 729 732 731
f 733 734 735
f 733 735 736
f 729 730 734
f 729 734 733
f 731 732 736
f 731 736 735
f 729 733 736
f 729 736 732
f 730 731 735
f 730 735 734
f 737 739 738
f 737 740 739
f 741 742 743
f 741 743 744
f 737 738 742
f 737 742 741
f 739 740 744
f 739 744 743
f 737 741 744
f 737 744 740
f 738 739 743
f 738 743 742
f 745 747 746
f 745 748 747
f 749 750 751
f 749 751 752
f 745 746 750
f 745 750 749
f 747 748 752
f 747 752 751
f 745 749 752
f 745 752 748
f 746 747 751
f 746 751 750
f 753 755 754
f 753 756 755
f 757 758 759
f 757 759 760
f 753 754 758
f 753 758 757
f 755 756 760
f 755 760 759
f 753 757 760
f 753 760 756
f 754 755 759
f 754 759 758
f 761 763 762
f 761 764 763
f 765 766 767
f 765 767 768
f 761 762 766
f 761 766 765
f 763 764 768
f 763 768 767
f 761 765 768
f 761 768 764
f 762 763 767
f 762 767 766
f 769 771 770
f 769 772 771
f 773 774 775
f 773 775 776
f 769 770 774
f 769 774 773
f 771 772 776
f 771 776 775
f 769 773 776
f 769 776 772
f 770 771 775
f 770 775 774
f 777 779 778
f 777 780 779
f 781 782 783
f 781 783 784
f 777 778 782
f 777 782 781
f 779 780 784
f 779 784 783
f 777 781 784
f 777 784 780
f 778 779 783
f 778 783 782
f 785 787 786
f 785 788 787
f 789 790 791
f 789 791 792
f 785 786 790
f 785 790 789
f 787 788 792
f 787 792 791
f 785 789 792
f 785 792 788
f 786 787 791
f 786 791 790
f 793 795 794
f 793 796 795
f 797 798 799
f 797 799 800
f 793 794 798
f 793 798 797
f 795 796 800
f 795 800 799
f 793 797 800
f 793 800 796
f 794 795 799
f 794 799 798
f 801 803 802
f 801 804 803
f 805 806 807
f 805 807 808
f 801 802 806
f 801 806 805
f 803 804 808
f 803 808 807
f 801 805 808
f 801 808 804
f 802 803 807
f 802 807 806
f 809 811 810
f 809 812 811
f 813 814 815
f 813 815 816
f 809 810 814
f 809 814 813
f 811 812 816
f 811 816 815
f 809 813 816
f 809 816 812
f 810 811 815
f 810 815 814
f 817 819 818
f 817 820 819
f 821 822 823
f 821 823 824
f 817 818 822
f 817 822 821
f 819 820 824
f 819 824 823
f 817 821 824
f 817 824 820
f 818 819 823
f 818 823 822
f 825 827 826
f 825 828 827
f 829 830 831
f 829 831 832
f 825 826 830
f 825 830 829
f 827 828 832
f 827 832 831
f 825 829 832
f 825 832 828
f 826 827 831
f 826 831 830
f 833 835 834
f 833 836 835
f 837 838 839
f 837 839 840
f 833 834 838
f 833 838 837
f 835 836 840
f 835 840 839
f 833 837 840
f 833 840 836
f 834 835 839
f 834 839 838
f 841 843 842
f 841 844 843
f 845 846 847
f 845 847 848
f 841 842 846
f 841 846 845
f 843 844 848
f 843 848 847
f 841 845 848
f 841 848 844
f 842 843 847
f 842 847 846
f 849 851 850
f 849 852 851
f 853 854 855
f 853 855 856
f 849 850 854
f 849 854 853
f 851 852 856
f 851 856 855
f 849 853 856
f 849 856 852
f 850 851 855
f 850 855 854
f 857 859 858
f 857 860 859
f 861 862 863
f 861 863 864
f 857 858 862
f 857 862 861
f 859 860 864
f 859 864 863
f 857 861 864
f 857 864 860
f 858 859 863
f 858 863 862
f 865 867 866
f 865 868 867
f 869 870 871
f 869 871 872
f 865 866 870
f 865 870 869
f 867 868 872
f 867 872 871
f 865 869 872
f 865 872 868
f 866 867 871
f 866 871 870
f 873 875 874
f 873 876 875
f 877 878 879
f 877 879 880
f 873 874 878
f 873 878 877
f 875 876 880
f 875 880 879
f 873 877 880
f 873 880 876
f 874 875 879
f 874 879 878
f 881 883 882
f 881 884 883
f 885 886 887
f 885 887 888
f 881 882 886
f 881 886 885
f 883 884 888
f 883 888 887
f 881 885 888
f 881 888 884
f 882 883 887
f 882 887 886
f 889 891 890
f 889 892 891
f 893 894 895
f 893 895 896
f 889 890 894
f 889 894 893
f 891 892 896
f 891 896 895
f 889 893 896
f 889 896 892
f 890 891 895
f 890 895 894
f 897 899 898
f 897 900 899
f 901 902 903
f 901 903 904
f 897 898 902
f 897 902 901
f 899 900 904
f 899 904 903
f 897 901 904
f 897 904 900
f 898 899 903
f 898 903 902
f 905 907 906
f 905 908 907
f 909 910 911
f 909 911 912
f 905 906 910
f 905 910 909
f 907 908 912
f 907 912 911
f 905 909 912
f 905 912 908
f 906 907 911
f 906 911 910
f 913 915 914
f 913 916 915
f 917 918 919
f 917 919 920
f 913 914 918
f 913 918 917
f 915 916 920
f 915 920 919
f 913 917 920
f 913 920 916
f 914 915 919
f 914 919 918
f 921 923 922
f 921 924 923
f 925 926 927
f 925 927 928
f 921 922 926
f 921 926 925
f 923 924 928
f 923 928 927
f 921 925 928
f 921 928 924
f 922 923 927
f 922 927 926
f 929 931 930
f 929 932 931
f 933 934 935
f 933 935 936
f 929 930 934
f 929 934 933
f 931 932 936
f 931 936 935
f 929 933 936
f 929 936 932
f 930 931 935
f 930 935 934
f 937 939 938
f 937 940 939
f 941 942 943
f 941 943 944
f 937 938 942
f 937 942 941
f 939 940 944
f 939 944 943
f 937 941 944
f 937 944 940
f 938 939 943
f 938 943 942
f 945 947 946
f 945 948 947
f 949 950 951
f 949 951 952
f 945 946 950
f 945 950 949
f 947 948 952
f 947 952 951
f 945 949 952
f 945 952 948
f 946 947 951
f 946 951 950
f 953 955 954
f 953 956 955
f 957 958 959
f 957 959 960
f 953 954 958
f 953 958 957
f 955 956 960
f 955 960 959
f 953 957 960
f 953 960 956
f 954 955 959
f 954 959 958
f 961 963 962
f 961 964 963
f 965 966 967
f 965 967 968
f 961 962 966
f 961 966 965
f 963 964 968
f 963 968 967
f 961 965 968
f 961 968 964
f 962 963 967
f 962 967 966
f 969 971 970
f 969 972 971
f 973 974 975
f 973 975 976
f 969 970 974
f 969 974 973
f 971 972 976
f 971 976 975
f 969 973 976
f 969 976 972
f 970 971 975
f 970 975 974
f 977 979 978
f 977 980 979
f 981 982 983
f 981 983 984
f 977 978 982
f 977 982 981
f 979 980 984
f 979 984 983
f 977 981 984
f 977 984 980
f 978 979 983
f 978 983 982
f 985 987 986
f 985 988 987
f 989 990 991
f 989 991 992
f 985 986 990
f 985 990 989
f 987 988 992
f 987 992 991
f 985 989 992
f 985 992 988
f 986 987 991
f 986 991 990
f 993 995 994
f 993 996 995
f 997 998 999
f 997 999 1000
f 993 994 998
f 993 998 997
f 995 996 1000
f 995 1000 999
f 993 997 1000
f 993 1000 996
f 994 995 999
f 994 999 998
f 1001 1003 1002
f 1001 1004 1003
f 1005 1006 1007
f 1005 1007 1008
f 1001 1002 1006
f 1001 1006 1005
f 1003 1004 1008
f 1003 1008 1007
f 1001 1005 1008
f 1001 1008 1004
f 1002 1003 1007
f 1002 1007 1006
f 1009 1011 1010
f 1009 1012 1011
f 1013 1014 1015
f 1013 1015 1016
f 1009 1010 1014
f 1009 1014 1013
f 1011 1012 1016
f 1011 1016 1015
f 1009 1013 1016
f 1009 1016 1012
f 1010 1011 1015
f 1010 1015 1014
f 1017 1019 1018
f 1017 1020 1019
f 1021 1022 1023
f 1021 1023 1024
f 1017 1018 1022
f 1017 1022 1021
f 1019 1020 1024
f 1019 1024 1023
f 1017 1021 1024
f 1017 1024 1020
f 1018 1019 1023
f 1018 1023 1022
f 1025 1027 1026
f 1025 1028 1027
f 1029 1030 1031
f 1029 1031 1032
f 1025 1026 1030
f 1025 1030 1029
f 1027 1028 1032
f 1027 1032 1031
f 1025 1029 1032
f 1025 1032 1028
f 1026 1027 1031
f 1026 1031 1030
f 1033 1035 1034
f 1033 1036 1035
f 1037 1038 1039
f 1037 1039 1040
f 1033 1034 1038
f 1033 1038 1037
f 1035 1036 1040
f 1035 1040 1039
f 1033 1037 1040
f 1033 1040 1036
f 1034 1035 1039
f 1034 1039 1038
f 1041 1043 1042
f 1041 1044 1043
f 1045 1046 1047
f 1045 1047 1048
f 1041 1042 1046
f 1041 1046 1045
f 1043 1044 1048
f 1043 1048 1047
f 1041 1045 1048
f 1041 1048 1044
f 1042 1043 1047
f 1042 1047 1046
f 1049 1051 1050
f 1049 1052 1051
f 1053 1054 1055
f 1053 1055 1056
f 1049 1050 1054
f 1049 1054 1053
f 1051 1052 1056
f 1051 1056 1055
f 1049 1053 1056
f 1049 1056 1052
f 1050 1051 1055
f 1050 1055 1054
f 1057 1059 1058
f 1057 1060 1059
f 1061 1062 1063
f 1061 1063 1064
f 1057 1058 1062
f 1057 1062 1061
f 1059 1060 1064
f 1059 1064 1063
f 1057 1061 1064
f 1057 1064 1060
f 1058 1059 1063
f 1058 1063 1062
f 1065 1067 1066
f 1065 1068 1067
f 1069 1070 1071
f 1069 1071 1072
f 1065 1066 1070
f 1065 1070 1069
f 1067 1068 1072
f 1067 1072 1071
f 1065 1069 1072
f 1065 1072 1068
f 1066 1067 1071
f 1066 1071 1070
f 1073 1075 1074
f 1073 1076 1075
f 1077 1078 1079
f 1077 1079 1080
f 1073 1074 1078
f 1073 1078 1077
f 1075 1076 1080
f 1075 1080 1079
f 1073 1077 1080
f 1073 1080 1076
f 1074 1075 1079
f 1074 1079 1078
f 1081 1083 1082
f 1081 1084 1083
f 1085 1086 1087
f 1085 1087 1088
f 1081 1082 1086
f 1081 1086 1085
f 1083 1084 1088
f 1083 1088 1087
f 1081 1085 1088
f 1081 1088 1084
f 1082 1083 1087
f 1082 1087 1086
f 1089 1091 1090
f 1089 1092 1091
f 1093 1094 1095
f 1093 1095 1096
f 1089 1090 1094
f 1089 1094 1093
f 1091 1092 1096
f 1091 1096 1095
f 1089 1093 1096
f 1089 1096 1092
f 1090 1091 1095
f 1090 1095 1094
f 1097 1099 1098
f 1097 1100 1099
f 1101 1102 1103
f 1101 1103 1104
f 1097 1098 1102
f 1097 1102 1101
f 1099 1100 1104
f 1099 1104 1103
f 1097 1101 1104
f 1097 1104 1100
f 1098 1099 1103
f 1098 1103 1102
f 1105 1107 1106
f 1105 1108 1107
f 1109 1110 1111
f 1109 1111 1112
f 1105 1106 1110
f 1105 1110 1109
f 1107 1108 1112
f 1107 1112 1111
f 1105 1109 1112
f 1105 1112 1108
f 1106 1107 1111
f 1106 1111 1110
f 1113 1115 1114
f 1113 1116 1115
f 1117 1118 1119
f 1117 1119 1120
f 1113 1114 1118
f 1113 1118 1117
f 1115 1116 1120
f 1115 1120 1119
f 1113 1117 1120
f 1113 1120 1116
f 1114 1115 1119
f 1114 1119 1118
f 1121 1123 1122
f 1121 1124 1123
f 1125 1126 1127
f 1125 1127 1128
f 1121 1122 1126
f 1121 1126 1125
f 1123 1124 1128
f 1123 1128 1127
f 1121 1125 1128
f 1121 1128 1124
f 1122 1123 1127
f 1122 1127 1126
f 1129 1131 1130
f 1129 1132 1131
f 1133 1134 1135
f 1133 1135 1136
f 1129 1130 1134
f 1129 1134 1133
f 1131 1132 1136
f 1131 1136 1135
f 1129 1133 1136
f 1129 1136 1132
f 1130 1131 1135
f 1130 1135 1134
f 1137 1139 1138
f 1137 1140 1139
f 1141 1142 1143
f 1141 1143 1144
f 1137 1138 1142
f 1137 1142 1141
f 1139 1140 1144
f 1139 1144 1143
f 1137 1141 1144
f 1137 1144 1140
f 1138 1139 1143
f 1138 1143 1142
f 1145 1147 1146
f 1145 1148 1147
f 1149 1150 1151
f 1149 1151 1152
f 1145 1146 1150
f 1145 1150 1149
f 1147 1148 1152
f 1147 1152 1151
f 1145 1149 1152
f 1145 1152 1148
f 1146 1147 1151
f 1146 1151 1150
f 1153 1155 1154
f 1153 1156 1155
f 1157 1158 1159
f 1157 1159 1160
f 1153 1154 1158
f 1153 1158 1157
f 1155 1156 1160
f 1155 1160 1159
f 1153 1157 1160
f 1153 1160 1156
f 1154 1155 1159
f 1154 1159 1158
f 1161 1163 1162
f 1161 1164 1163
f 1165 1166 1167
f 1165 1167 1168
f 1161 1162 1166
f 1161 1166 1165
f 1163 1164 1168
f 1163 1168 1167
f 1161 1165 1168
f 1161 1168 1164
f 1162 1163 1167
f 1162 1167 1166
f 1169 1171 1170
f 1169 1172 1171
f 1173 1174 1175
f 1173 1175 1176
f 1169 1170 1174
f 1169 1174 1173
f 1171 1172 1176
f 1171 1176 1175
f 1169 1173 1176
f 1169 1176 1172
f 1170 1171 1175
f 1170 1175 1174
f 1177 1179 1178
f 1177 1180 1179
f 1181 1182 1183
f 1181 1183 1184
f 1177 1178 1182
f 1177 1182 1181
f 1179 1180 1184
f 1179 1184 1183
f 1177 1181 1184
f 1177 1184 1180
f 1178 1179 1183
f 1178 1183 1182
f 1185 1187 1186
f 1185 1188 1187
f 1189 1190 1191
f 1189 1191 1192
f 1185 1186 1190
f 1185 1190 1189
f 1187 1188 1192
f 1187 1192 1191
f 1185 1189 1192
f 1185 1192 1188
f 1186 1187 1191
f 1186 1191 1190
f 1193 1195 1194
f 1193 1196 1195
f 1197 1198 1199
f 1197 1199 1200
f 1193 1194 1198
f 1193 1198 1197
f 1195 1196 1200
f 1195 1200 1199
f 1193 1197 1200
f 1193 1200 1196
f 1194 1195 1199
f 1194 1199 1198
f 1201 1203 1202
f 1201 1204 1203
f 1205 1206 1207
f 1205 1207 1208
f 1201 1202 1206
f 1201 1206 1205
f 1203 1204 1208
f 1203 1208 1207
f 1201 1205 1208
f 1201 1208 1204
f 1202 1203 1207
f 1202 1207 1206
f 1209 1211 1210
f 1209 1212 1211
f 1213 1214 1215
f 1213 1215 1216
f 1209 1210 1214
f 1209 1214 1213
f 1211 1212 1216
f 1211 1216 1215
f 1209 1213 1216
f 1209 1216 1212
f 1210 1211 1215
f 1210 1215 1214
f 1217 1219 1218
f 1217 1220 1219
f 1221 1222 1223
f 1221 1223 1224
f 1217 1218 1222
f 1217 1222 1221
f 1219 1220 1224
f 1219 1224 1223
f 1217 1221 1224
f 1217 1224 1220
f 1218 1219 1223
f 1218 1223 1222
f 1225 1227 1226
f 1225 1228 1227
f 1229 1230 1231
f 1229 1231 1232
f 1225 1226 1230
f 1225 1230 1229
f 1227 1228 1232
f 1227 1232 1231
f 1225 1229 1232
f 1225 1232 1228
f 1226 1227 1231
f 1226 1231 1230
f 1233 1235 1234
f 1233 1236 1235
f 1237 1238 1239
f 1237 1239 1240
f 1233 1234 1238
f 1233 1238 1237
f 1235 1236 1240
f 1235 1240 1239
f 1233 1237 1240
f 1233 1240 1236
f 1234 1235 1239
f 1234 1239 1238
f 1241 1243 1242
f 1241 1244 1243
f 1245 1246 1247
f 1245 1247 1248
f 1241 1242 1246
f 1241 1246 1245
f 1243 1244 1248
f 1243 1248 1247
f 1241 1245 1248
f 1241 1248 1244
f 1242 1243 1247
f 1242 1247 1246
f 1249 1251 1250
f 1249 1252 1251
f 1253 1254 1255
f 1253 1255 1256
f 1249 1250 1254
f 1249 1254 1253
f 1251 1252 1256
f 1251 1256 1255
f 1249 1253 1256
f 1249 1256 1252
f 1250 1251 1255
f 1250 1255 1254
f 1257 1259 1258
f 1257 1260 1259
f 1261 1262 1263
f 1261 1263 1264
f 1257 1258 1262
f 1257 1262 1261
f 1259 1260 1264
f 1259 1264 1263
f 1257 1261 1264
f 1257 1264 1260
f 1258 1259 1263
f 1258 1263 1262
f 1265 1267 1266
f 1265 1268 1267
f 1269 1270 1271
f 1269 1271 1272
f 1265 1266 1270
f 1265 1270 1269
f 1267 1268 1272
f 1267 1272 1271
f 1265 1269 1272
f 1265 1272 1268
f 1266 1267 1271
f 1266 1271 1270
f 1273 1275 1274
f 1273 1276 1275
f 1277 1278 1279
f 1277 1279 1280
f 1273 1274 1278
f 1273 1278 1277
f 1275 1276 1280
f 1275 1280 1279
f 1273 1277 1280
f 1273 1280 1276
f 1274 1275 1279
f 1274 1279 1278
f 1281 1283 1282
f 1281 1284 1283
f 1285 1286 1287
f 1285 1287 1288
f 1281 1282 1286
f 1281 1286 1285
f 1283 1284 1288
f 1283 1288 1287
f 1281 1285 1288
f 1281 1288 1284
f 1282 1283 1287
f 1282 1287 1286
f 1289 1291 1290
f 1289 1292 1291
f 1293 1294 1295
f 1293 1295 1296
f 1289 1290 1294
f 1289 1294 1293
f 1291 1292 1296
f 1291 1296 1295
f 1289 1293 1296
f 1289 1296 1292
f 1290 1291 1295
f 1290 1295 1294
f 1297 1299 1298
f 1297 1300 1299
f 1301 1302 1303
f 1301 1303 1304
f 1297 1298 1302
f 1297 1302 1301
f 1299 1300 1304
f 1299 1304 1303
f 1297 1301 1304
f 1297 1304 1300
f 1298 1299 1303
f 1298 1303 1302
f 1305 1307 1306
f 1305 1308 1307
f 1309 1310 1311
f 1309 1311 1312
f 1305 1306 1310
f 1305 1310 1309
f 1307 1308 1312
f 1307 1312 1311
f 1305 1309 1312
f 1305 1312 1308
f 1306 1307 1311
f 1306 1311 1310
f 1313 1315 1314
f 1313 1316 1315
f 1317 1318 1319
f 1317 1319 1320
f 1313 1314 1318
f 1313 1318 1317
f 1315 1316 1320
f 1315 1320 1319
f 1313 1317 1320
f 1313 1320 1316
f 1314 1315 1319
f 1314 1319 1318
f 1321 1323 1322
f 1321 1324 1323
f 1325 1326 1327
f 1325 1327 1328
f 1321 1322 1326
f 1321 1326 1325
f 1323 1324 1328
f 1323 1328 1327
f 1321 1325 1328
f 1321 1328 1324
f 1322 1323 1327
f 1322 1327 1326
f 1329 1331 1330
f 1329 1332 1331
f 1333 1334 1335
f 1333 1335 1336
f 1329 1330 1334
f 1329 1334 1333
f 1331 1332 1336
f 1331 1336 1335
f 1329 1333 1336
f 1329 1336 1332
f 1330 1331 1335
f 1330 1335 1334
f 1337 1339 1338
f 1337 1340 1339
f 1341 1342 1343
f 1341 1343 1344
f 1337 1338 1342
f 1337 1342 1341
f 1339 1340 1344
f 1339 1344 1343
f 1337 1341 1344
f 1337 1344 1340
f 1338 1339 1343
f 1338 1343 1342
f 1345 1347 1346
f 1345 1348 1347
f 1349 1350 1351
f 1349 1351 1352
f 1345 1346 1350
f 1345 1350 1349
f 1347 1348 1352
f 1347 1352 1351
f 1345 1349 1352
f 1345 1352 1348
f 1346 1347 1351
f 1346 1351 1350
f 1353 1355 1354
f 1353 1356 1355
f 1357 1358 1359
f 1357 1359 1360
f 1353 1354 1358
f 1353 1358 1357
f 1355 1356 1360
f 1355 1360 1359
f 1353 1357 1360
f 1353 1360 1356
f 1354 1355 1359
f 1354 1359 1358
f 1361 1363 1362
f 1361 1364 1363
f 1365 1366 1367
f 1365 1367 1368
f 1361 1362 1366
f 1361 1366 1365
f 1363 1364 1368
f 1363 1368 1367
f 1361 1365 1368
f 1361 1368 1364
f 1362 1363 1367
f 1362 1367 1366
f 1369 1371 1370
f 1369 1372 1371
f 1373 1374 1375
f 1373 1375 1376
f 1369 1370 1374
f 1369 1374 1373
f 1371 1372 1376
f 1371 1376 1375
f 1369 1373 1376
f 1369 1376 1372
f 1370 1371 1375
f 1370 1375 1374
f 1377 1379 1378
f 1377 1380 1379
f 1381 1382 1383
f 1381 1383 1384
f 1377 1378 1382
f 1377 1382 1381
f 1379 1380 1384
f 1379 1384 1383
f 1377 1381 1384
f 1377 1384 1380
f 1378 1379 1383
f 1378 1383 1382
f 1385 1387 1386
f 1385 1388 1387
f 1389 1390 1391
f 1389 1391 1392
f 1385 1386 1390
f 1385 1390 1389
f 1387 1388 1392
f 1387 1392 1391
f 1385 1389 1392
f 1385 1392 1388
f 1386 1387 1391
f 1386 1391 1390
f 1393 1395 1394
f 1393 1396 1395
f 1397 1398 1399
f 1397 1399 1400
f 1393 1394 1398
f 1393 1398 1397
f 1395 1396 1400
f 1395 1400 1399
f 1393 1397 1400
f 1393 1400 1396
f 1394 1395 1399
f 1394 1399 1398
f 1401 1403 1402
f 1401 1404 1403
f 1405 1406 1407
f 1405 1407 1408
f 1401 1402 1406
f 1401 1406 1405
f 1403 1404 1408
f 1403 1408 1407
f 1401 1405 1408
f 1401 1408 1404
f 1402 1403 1407
f 1402 1407 1406
f 1409 1411 1410
f 1409 1412 1411
f 1413 1414 1415
f 1413 1415 1416
f 1409 1410 1414
f 1409 1414 1413
f 1411 1412 1416
f 1411 1416 1415
f 1409 1413 1416
f 1409 1416 1412
f 1410 1411 1415
f 1410 1415 1414
f 1417 1419 1418
f 1417 1420 1419
f 1421 1422 1423
f 1421 1423 1424
f 1417 1418 1422
f 1417 1422 1421
f 1419 1420 1424
f 1419 1424 1423
f 1417 1421 1424
f 1417 1424 1420
f 1418 1419 1423
f 1418 1423 1422
f 1425 1427 1426
f 1425 1428 1427
f 1429 1430 1431
f 1429 1431 1432
f 1425 1426 1430
f 1425 1430 1429
f 1427 1428 1432
f 1427 1432 1431
f 1425 1429 1432
f 1425 1432 1428
f 1426 1427 1431
f 1426 1431 1430
f 1433 1435 1434
f 1433 1436 1435
f 1437 1438 1439
f 1437 1439 1440
f 1433 1434 1438
f 1433 1438 1437
f 1435 1436 1440
f 1435 1440 1439
f 1433 1437 1440
f 1433 1440 1436
f 1434 1435 1439
f 1434 1439 1438
f 1441 1443 1442
f 1441 1444 1443
f 1445 1446 1447
f 1445 1447 1448
f 1441 1442 1446
f 1441 1446 1445
f 1443 1444 1448
f 1443 1448 1447
f 1441 1445 1448
f 1441 1448 1444
f 1442 1443 1447
f 1442 1447 1446
f 1449 1451 1450
f 1449 1452 1451
f 1453 1454 1455
f 1453 1455 1456
f 1449 1450 1454
f 1449 1454 1453
f 1451 1452 1456
f 1451 1456 1455
f 1449 1453 1456
f 1449 1456 1452
f 1450 1451 1455
f 1450 1455 1454
f 1457 1459 1458
f 1457 1460 1459
f 1461 1462 1463
f 1461 1463 1464
f 1457 1458 1462
f 1457 1462 1461
f 1459 1460 1464
f 1459 1464 1463
f 1457 1461 1464
f 1457 1464 1460
f 1458 1459 1463
f 1458 1463 1462
f 1465 1467 1466
f 1465 1468 1467
f 1469 1470 1471
f 1469 1471 1472
f 1465 1466 1470
f 1465 1470 1469
f 1467 1468 1472
f 1467 1472 1471
f 1465 1469 1472
f 1465 1472 1468
f 1466 1467 1471
f 1466 1471 1470
f 1473 1475 1474
f 1473 1476 1475
f 1477 1478 1479
f 1477 1479 1480
f 1473 1474 1478
f 1473 1478 1477
f 1475 1476 1480
f 1475 1480 1479
f 1473 1477 1480
f 1473 1480 1476
f 1474 1475 1479
f 1474 1479 1478
f 1481 1483 1482
f 1481 1484 1483
f 1485 1486 1487
f 1485 1487 1488
f 1481 1482 1486
f 1481 1486 1485
f 1483 1484 1488
f 1483 1488 1487
f 1481 1485 1488
f 1481 1488 1484
f 1482 1483 1487
f 1482 1487 1486
f 1489 1491 1490
f 1489 1492 1491
f 1493 1494 1495
f 1493 1495 1496
f 1489 1490 1494
f 1489 1494 1493
f 1491 1492 1496
f 1491 1496 1495
f 1489 1493 1496
f 1489 1496 1492
f 1490 1491 1495
f 1490 1495 1494
f 1497 1499 1498
f 1497 1500 1499
f 1501 1502 1503
f 1501 1503 1504
f 1497 1498 1502
f 1497 1502 1501
f 1499 1500 1504
f 1499 1504 1503
f 1497 1501 1504
f 1497 1504 1500
f 1498 1499 1503
f 1498 1503 1502
f 1505 1507 1506
f 1505 1508 1507
f 1509 1510 1511
f 1509 1511 1512
f 1505 1506 1510
f 1505 1510 1509
f 1507 1508 1512
f 1507 1512 1511
f 1505 1509 1512
f 1505 1512 1508
f 1506 1507 1511
f 1506 1511 1510
f 1513 1515 1514
f 1513 1516 1515
f 1517 1518 1519
f 1517 1519 1520
f 1513 1514 1518
f 1513 1518 1517
f 1515 1516 1520
f 1515 1520 1519
f 1513 1517 1520
f 1513 1520 1516
f 1514 1515 1519
f 1514 1519 1518
f 1521 1523 1522
f 1521 1524 1523
f 1525 1526 1527
f 1525 1527 1528
f 1521 1522 1526
f 1521 1526 1525
f 1523 1524 1528
f 1523 1528 1527
f 1521 1525 1528
f 1521 1528 1524
f 1522 1523 1527
f 1522 1527 1526
f 1529 1531 1530
f 1529 1532 1531
f 1533 1534 1535
f 1533 1535 1536
f 1529 1530 1534
f 1529 1534 1533
f 1531 1532 1536
f 1531 1536 1535
f 1529 1533 1536
f 1529 1536 1532
f 1530 1531 1535
f 1530 1535 1534
f 1537 1539 1538
f 1537 1540 1539
f 1541 1542 1543
f 1541 1543 1544
f 1537 1538 1542
f 1537 1542 1541
f 1539 1540 1544
f 1539 1544 1543
f 1537 1541 1544
f 1537 1544 1540
f 1538 1539 1543
f 1538 1543 1542
f 1545 1547 1546
f 1545 1548 1547
f 1549 1550 1551
f 1549 1551 1552
f 1545 1546 1550
f 1545 1550 1549
f 1547 1548 1552
f 1547 1552 1551
f 1545 1549 1552
f 1545 1552 1548
f 1546 1547 1551
f 1546 1551 1550
f 1553 1555 1554
f 1553 1556 1555
f 1557 1558 1559
f 1557 1559 1560
f 1553 1554 1558
f 1553 1558 1557
f 1555 1556 1560
f 1555 1560 1559
f 1553 1557 1560
f 1553 1560 1556
f 1554 1555 1559
f 1554 1559 1558
f 1561 1563 1562
f 1561 1564 1563
f 1565 1566 1567
f 1565 1567 1568
f 1561 1562 1566
f 1561 1566 1565
f 1563 1564 1568
f 1563 1568 1567
f 1561 1565 1568
f 1561 1568 1564
f 1562 1563 1567
f 1562 1567 1566
f 1569 1571 1570
f 1569 1572 1571
f 1573 1574 1575
f 1573 1575 1576
f 1569 1570 1574
f 1569 1574 1573
f 1571 1572 1576
f 1571 1576 1575
f 1569 1573 1576
f 1569 1576 1572
f 1570 1571 1575
f 1570 1575 1574
f 1577 1579 1578
f 1577 1580 1579
f 1581 1582 1583
f 1581 1583 1584
f 1577 1578 1582
f 1577 1582 1581
f 1579 1580 1584
f 1579 1584 1583
f 1577 1581 1584
f 1577 1584 1580
f 1578 1579 1583
f 1578 1583 1582
f 1585 1587 1586
f 1585 1588 1587
f 1589 1590 1591
f 1589 1591 1592
f 1585 1586 1590
f 1585 1590 1589
f 1587 1588 1592
f 1587 1592 1591
f 1585 1589 1592
f 1585 1592 1588
f 1586 1587 1591
f 1586 1591 1590
f 1593 1595 1594
f 1593 1596 1595
f 1597 1598 1599
f 1597 1599 1600
f 1593 1594 1598
f 1593 1598 1597
f 1595 1596 1600
f 1595 1600 1599
f 1593 1597 1600
f 1593 1600 1596
f 1594 1595 1599
f 1594 1599 1598
f 1601 1603 1602
f 1601 1604 1603
f 1605 1606 1607
f 1605 1607 1608
f 1601 1602 1606
f 1601 1606 1605
f 1603 1604 1608
f 1603 1608 1607
f 1601 1605 1608
f 1601 1608 1604
f 1602 1603 1607
f 1602 1607 1606
f 1609 1611 1610
f 1609 1612 1611
f 1613 1614 1615
f 1613 1615 1616
f 1609 1610 1614
f 1609 1614 1613
f 1611 1612 1616
f 1611 1616 1615
f 1609 1613 1616
f 1609 1616 1612
f 1610 1611 1615
f 1610 1615 1614
f 1617 1619 1618
f 1617 1620 1619
f 1621 1622 1623
f 1621 1623 1624
f 1617 1618 1622
f 1617 1622 1621
f 1619 1620 1624
f 1619 1624 1623
f 1617 1621 1624
f 1617 1624 1620
f 1618 1619 1623
f 1618 1623 1622
f 1625 1627 1626
f 1625 1628 1627
f 1629 1630 1631
f 1629 1631 1632
f 1625 1626 1630
f 1625 1630 1629
f 1627 1628 1632
f 1627 1632 1631
f 1625 1629 1632
f 1625 1632 1628
f 1626 1627 1631
f 1626 1631 1630
f 1633 1635 1634
f 1633 1636 1635
f 1637 1638 1639
f 1637 1639 1640
f 1633 1634 1638
f 1633 1638 1637
f 1635 1636 1640
f 1635 1640 1639
f 1633 1637 1640
f 1633 1640 1636
f 1634 1635 1639
f 1634 1639 1638
f 1641 1643 1642
f 1641 1644 1643
f 1645 1646 1647
f 1645 1647 1648
f 1641 1642 1646
f 1641 1646 1645
f 1643 1644 1648
f 1643 1648 1647
f 1641 1645 1648
f 1641 1648 1644
f 1642 1643 1647
f 1642 1647 1646
f 1649 1651 1650
f 1649 1652 1651
f 1653 1654 1655
f 1653 1655 1656
f 1649 1650 1654
f 1649 1654 1653
f 1651 1652 1656
f 1651 1656 1655
f 1649 1653 1656
f 1649 1656 1652
f 1650 1651 1655
f 1650 1655 1654
f 1657 1659 1658
f 1657 1660 1659
f 1661 1662 1663
f 1661 1663 1664
f 1657 1658 1662
f 1657 1662 1661
f 1659 1660 1664
f 1659 1664 1663
f 1657 1661 1664
f 1657 1664 1660
f 1658 1659 1663
f 1658 1663 1662
f 1665 1667 1666
f 1665 1668 1667
f 1669 1670 1671
f 1669 1671 1672
f 1665 1666 1670
f 1665 1670 1669
f 1667 1668 1672
f 1667 1672 1671
f 1665 1669 1672
f 1665 1672 1668
f 1666 1667 1671
f 1666 1671 1670
f 1673 1675 1674
f 1673 1676 1675
f 1677 1678 1679
f 1677 1679 1680
f 1673 1674 1678
f 1673 1678 1677
f 1675 1676 1680
f 1675 1680 1679
f 1673 1677 1680
f 1673 1680 1676
f 1674 1675 1679
f 1674 1679 1678
f 1681 1683 1682
f 1681 1684 1683
f 1685 1686 1687
f 1685 1687 1688
f 1681 1682 1686
f 1681 1686 1685
f 1683 1684 1688
f 1683 1688 1687
f 1681 1685 1688
f 1681 1688 1684
f 1682 1683 1687
f 1682 1687 1686
f 1689 1691 1690
f 1689 1692 1691
f 1693 1694 1695
f 1693 1695 1696
f 1689 1690 1694
f 1689 1694 1693
f 1691 1692 1696
f 1691 1696 1695
f 1689 1693 1696
f 1689 1696 1692
f 1690 1691 1695
f 1690 1695 1694
f 1697 1699 1698
f 1697 1700 1699
f 1701 1702 1703
f 1701 1703 1704
f 1697 1698 1702
f 1697 1702 1701
f 1699 1700 1704
f 1699 1704 1703
f 1697 1701 1704
f 1697 1704 1700
f 1698 1699 1703
f 1698 1703 1702
f 1705 1707 1706
f 1705 1708 1707
f 1709 1710 1711
f 1709 1711 1712
f 1705 1706 1710
f 1705 1710 1709
f 1707 1708 1712
f 1707 1712 1711
f 1705 1709 1712
f 1705 1712 1708
f 1706 1707 1711
f 1706 1711 1710
f 1713 1715 1714
f 1713 1716 1715
f 1717 1718 1719
f 1717 1719 1720
f 1713 1714 1718
f 1713 1718 1717
f 1715 1716 1720
f 1715 1720 1719
f 1713 1717 1720
f 1713 1720 1716
f 1714 1715 1719
f 1714 1719 1718
f 1721 1723 1722
f 1721 1724 1723
f 1725 1726 1727
f 1725 1727 1728
f 1721 1722 1726
f 1721 1726 1725
f 1723 1724 1728
f 1723 1728 1727
f 1721 1725 1728
f 1721 1728 1724
f 1722 1723 1727
f 1722 1727 1726
f 1729 1731 1730
f 1729 1732 1731
f 1733 1734 1735
f 1733 1735 1736
f 1729 1730 1734
f 1729 1734 1733
f 1731 1732 1736
f 1731 1736 1735
f 1729 1733 1736
f 1729 1736 1732
f 1730 1731 1735
f 1730 1735 1734
f 1737 1739 1738
f 1737 1740 1739
f 1741 1742 1743
f 1741 1743 1744
f 1737 1738 1742
f 1737 1742 1741
f 1739 1740 1744
f 1739 1744 1743
f 1737 1741 1744
f 1737 1744 1740
f 1738 1739 1743
f 1738 1743 1742
f 1745 1747 1746
f 1745 1748 1747
f 1749 1750 1751
f 1749 1751 1752
f 1745 1746 1750
f 1745 1750 1749
f 1747 1748 1752
f 1747 1752 1751
f 1745 1749 1752
f 1745 1752 1748
f 1746 1747 1751
f 1746 1751 1750
f 1753 1755 1754
f 1753 1756 1755
f 1757 1758 1759
f 1757 1759 1760
f 1753 1754 1758
f 1753 1758 1757
f 1755 1756 1760
f 1755 1760 1759
f 1753 1757 1760
f 1753 1760 1756
f 1754 1755 1759
f 1754 1759 1758
f 1761 1763 1762
f 1761 1764 1763
f 1765 1766 1767
f 1765 1767 1768
f 1761 1762 1766
f 1761 1766 1765
f 1763 1764 1768
f 1763 1768 1767
f 1761 1765 1768
f 1761 1768 1764
f 1762 1763 1767
f 1762 1767 1766
f 1769 1771 1770
f 1769 1772 1771
f 1773 1774 1775
f 1773 1775 1776
f 1769 1770 1774
f 1769 1774 1773
f 1771 1772 1776
f 1771 1776 1775
f 1769 1773 1776
f 1769 1776 1772
f 1770 1771 1775
f 1770 1775 1774
f 1777 1779 1778
f 1777 1780 1779
f 1781 1782 1783
f 1781 1783 1784
f 1777 1778 1782
f 1777 1782 1781
f 1779 1780 1784
f 1779 1784 1783
f 1777 1781 1784
f 1777 1784 1780
f 1778 1779 1783
f 1778 1783 1782
f 1785 1787 1786
f 1785 1788 1787
f 1789 1790 1791
f 1789 1791 1792
f 1785 1786 1790
f 1785 1790 1789
f 1787 1788 1792
f 1787 1792 1791
f 1785 1789 1792
f 1785 1792 1788
f 1786 1787 1791
f 1786 1791 1790
f 1793 1795 1794
f 1793 1796 1795
f 1797 1798 1799
f 1797 1799 1800
f 1793 1794 1798
f 1793 1798 1797
f 1795 1796 1800
f 1795 1800 1799
f 1793 1797 1800
f 1793 1800 1796
f 1794 1795 1799
f 1794 1799 1798
f 1801 1803 1802
f 1801 1804 1803
f 1805 1806 1807
f 1805 1807 1808
f 1801 1802 1806
f 1801 1806 1805
f 1803 1804 1808
f 1803 1808 1807
f 1801 1805 1808
f 1801 1808 1804
f 1802 1803 1807
f 1802 1807 1806
f 1809 1811 1810
f 1809 1812 1811
f 1813 1814 1815
f 1813 1815 1816
f 1809 1810 1814
f 1809 1814 1813
f 1811 1812 1816
f 1811 1816 1815
f 1809 1813 1816
f 1809 1816 1812
f 1810 1811 1815
f 1810 1815 1814
f 1817 1819 1818
f 1817 1820 1819
f 1821 1822 1823
f 1821 1823 1824
f 1817 1818 1822
f 1817 1822 1821
f 1819 1820 1824
f 1819 1824 1823
f 1817 1821 1824
f 1817 1824 1820
f 1818 1819 1823
f 1818 1823 1822
f 1825 1827 1826
f 1825 1828 1827
f 1829 1830 1831
f 1829 1831 1832
f 1825 1826 1830
f 1825 1830 1829
f 1827 1828 1832
f 1827 1832 1831
f 1825 1829 1832
f 1825 1832 1828
f 1826 1827 1831
f 1826 1831 1830
f 1833 1835 1834
f 1833 1836 1835
f 1837 1838 1839
f 1837 1839 1840
f 1833 1834 1838
f 1833 1838 1837
f 1835 1836 1840
f 1835 1840 1839
f 1833 1837 1840
f 1833 1840 1836
f 1834 1835 1839
f 1834 1839 1838
f 1841 1843 1842
f 1841 1844 1843
f 1845 1846 1847
f 1845 1847 1848
f 1841 1842 1846
f 1841 1846 1845
f 1843 1844 1848
f 1843 1848 1847
f 1841 1845 1848
f 1841 1848 1844
f 1842 1843 1847
f 1842 1847 1846
f 1849 1851 1850
f 1849 1852 1851
f 1853 1854 1855
f 1853 1855 1856
f 1849 1850 1854
f 1849 1854 1853
f 1851 1852 1856
f 1851 1856 1855
f 1849 1853 1856
f 1849 1856 1852
f 1850 1851 1855
f 1850 1855 1854
f 1857 1859 1858
f 1857 1860 1859
f 1861 1862 1863
f 1861 1863 1864
f 1857 1858 1862
f 1857 1862 1861
f 1859 1860 1864
f 1859 1864 1863
f 1857 1861 1864
f 1857 1864 1860
f 1858 1859 1863
f 1858 1863 1862
f 1865 1867 1866
f 1865 1868 1867
f 1869 1870 1871
f 1869 1871 1872
f 1865 1866 1870
f 1865 1870 1869
f 1867 1868 1872
f 1867 1872 1871
f 1865 1869 1872
f 1865 1872 1868
f 1866 1867 1871
f 1866 1871 1870
f 1873 1875 1874
f 1873 1876 1875
f 1877 1878 1879
f 1877 1879 1880
f 1873 1874 1878
f 1873 1878 1877
f 1875 1876 1880
f 1875 1880 1879
f 1873 1877 1880
f 1873 1880 1876
f 1874 1875 1879
f 1874 1879 1878
f 1881 1883 1882
f 1881 1884 1883
f 1885 1886 1887
f 1885 1887 1888
f 1881 1882 1886
f 1881 1886 1885
f 1883 1884 1888
f 1883 1888 1887
f 1881 1885 1888
f 1881 1888 1884
f 1882 1883 1887
f 1882 1887 1886
f 1889 1891 1890
f 1889 1892 1891
f 1893 1894 1895
f 1893 1895 1896
f 1889 1890 1894
f 1889 1894 1893
f 1891 1892 1896
f 1891 1896 1895
f 1889 1893 1896
f 1889 1896 1892
f 1890 1891 1895
f 1890 1895 1894
f 1897 1899 1898
f 1897 1900 1899
f 1901 1902 1903
f 1901 1903 1904
f 1897 1898 1902
f 1897 1902 1901
f 1899 1900 1904
f 1899 1904 1903
f 1897 1901 1904
f 1897 1904 1900
f 1898 1899 1903
f 1898 1903 1902
f 1905 1907 1906
f 1905 1908 1907
f 1909 1910 1911
f 1909 1911 1912
f 1905 1906 1910
f 1905 1910 1909
f 1907 1908 1912
f 1907 1912 1911
f 1905 1909 1912
f 1905 1912 1908
f 1906 1907 1911
f 1906 1911 1910
f 1913 1915 1914
f 1913 1916 1915
f 1917 1918 1919
f 1917 1919 1920
f 1913 1914 1918
f 1913 1918 1917
f 1915 1916 1920
f 1915 1920 1919
f 1913 1917 1920
f 1913 1920 1916
f 1914 1915 1919
f 1914 1919 1918
f 1921 1923 1922
f 1921 1924 1923
f 1925 1926 1927
f 1925 1927 1928
f 1921 1922 1926
f 1921 1926 1925
f 1923 1924 1928
f 1923 1928 1927
f 1921 1925 1928
f 1921 1928 1924
f 1922 1923 1927
f 1922 1927 1926
f 1929 1931 1930
f 1929 1932 1931
f 1933 1934 1935
f 1933 1935 1936
f 1929 1930 1934
f 1929 1934 1933
f 1931 1932 1936
f 1931 1936 1935
f 1929 1933 1936
f 1929 1936 1932
f 1930 1931 1935
f 1930 1935 1934
f 1937 1939 1938
f 1937 1940 1939
f 1941 1942 1943
f 1941 1943 1944
f 1937 1938 1942
f 1937 1942 1941
f 1939 1940 1944
f 1939 1944 1943
f 1937 1941 1944
f 1937 1944 1940
f 1938 1939 1943
f 1938 1943 1942
f 1945 1947 1946
f 1945 1948 1947
f 1949 1950 1951
f 1949 1951 1952
f 1945 1946 1950
f 1945 1950 1949
f 1947 1948 1952
f 1947 1952 1951
f 1945 1949 1952
f 1945 1952 1948
f 1946 1947 1951
f 1946 1951 1950
f 1953 1955 1954
f 1953 1956 1955
f 1957 1958 1959
f 1957 1959 1960
f 1953 1954 1958
f 1953 1958 1957
f 1955 1956 1960
f 1955 1960 1959
f 1953 1957 1960
f 1953 1960 1956
f 1954 1955 1959
f 1954 1959 1958
f 1961 1963 1962
f 1961 1964 1963
f 1965 1966 1967
f 1965 1967 1968
f 1961 1962 1966
f 1961 1966 1965
f 1963 1964 1968
f 1963 1968 1967
f 1961 1965 1968
f 1961 1968 1964
f 1962 1963 1967
f 1962 1967 1966
f 1969 1971 1970
f 1969 1972 1971
f 1973 1974 1975
f 1973 1975 1976
f 1969 1970 1974
f 1969 1974 1973
f 1971 1972 1976
f 1971 1976 1975
f 1969 1973 1976
f 1969 1976 1972
f 1970 1971 1975
f 1970 1975 1974
f 1977 1979 1978
f 1977 1980 1979
f 1981 1982 1983
f 1981 1983 1984
f 1977 1978 1982
f 1977 1982 1981
f 1979 1980 1984
f 1979 1984 1983
f 1977 1981 1984
f 1977 1984 1980
f 1978 1979 1983
f 1978 1983 1982
f 1985 1987 1986
f 1985 1988 1987
f 1989 1990 1991
f 1989 1991 1992
f 1985 1986 1990
f 1985 1990 1989
f 1987 1988 1992
f 1987 1992 1991
f 1985 1989 1992
f 1985 1992 1988
f 1986 1987 1991
f 1986 1991 1990
f 1993 1995 1994
f 1993 1996 1995
f 1997 1998 1999
f 1997 1999 2000
f 1993 1994 1998
f 1993 1998 1997
f 1995 1996 2000
f 1995 2000 1999
f 1993 1997 2000
f 1993 2000 1996
f 1994 1995 1999
f 1994 1999 1998
f 2001 2003 2002
f 2001 2004 2003
f 2005 2006 2007
f 2005 2007 2008
f 2001 2002 2006
f 2001 2006 2005
f 2003 2004 2008
f 2003 2008 2007
f 2001 2005 2008
f 2001 2008 2004
f 2002 2003 2007
f 2002 2007 2006
f 2009 2011 2010
f 2009 2012 2011
f 2013 2014 2015
f 2013 2015 2016
f 2009 2010 2014
f 2009 2014 2013
f 2011 2012 2016
f 2011 2016 2015
f 2009 2013 2016
f 2009 2016 2012
f 2010 2011 2015
f 2010 2015 2014
f 2017 2019 2018
f 2017 2020 2019
f 2021 2022 2023
f 2021 2023 2024
f 2017 2018 2022
f 2017 2022 2021
f 2019 2020 2024
f 2019 2024 2023
f 2017 2021 2024
f 2017 2024 2020
f 2018 2019 2023
f 2018 2023 2022
f 2025 2027 2026
f 2025 2028 2027
f 2029 2030 2031
f 2029 2031 2032
f 2025 2026 2030
f 2025 2030 2029
f 2027 2028 2032
f 2027 2032 2031
f 2025 2029 2032
f 2025 2032 2028
f 2026 2027 2031
f 2026 2031 2030
f 2033 2035 2034
f 2033 2036 2035
f 2037 2038 2039
f 2037 2039 2040
f 2033 2034 2038
f 2033 2038 2037
f 2035 2036 2040
f 2035 2040 2039
f 2033 2037 2040
f 2033 2040 2036
f 2034 2035 2039
f 2034 2039 2038
f 2041 2043 2042
f 2041 2044 2043
f 2045 2046 2047
f 2045 2047 2048
f 2041 2042 2046
f 2041 2046 2045
f 2043 2044 2048
f 2043 2048 2047
f 2041 2045 2048
f 2041 2048 2044
f 2042 2043 2047
f 2042 2047 2046
f 2049 2051 2050
f 2049 2052 2051
f 2053 2054 2055
f 2053 2055 2056
f 2049 2050 2054
f 2049 2054 2053
f 2051 2052 2056
f 2051 2056 2055
f 2049 2053 2056
f 2049 2056 2052
f 2050 2051 2055
f 2050 2055 2054
f 2057 2059 2058
f 2057 2060 2059
f 2061 2062 2063
f 2061 2063 2064
f 2057 2058 2062
f 2057 2062 2061
f 2059 2060 2064
f 2059 2064 2063
f 2057 2061 2064
f 2057 2064 2060
f 2058 2059 2063
f 2058 2063 2062
f 2065 2067 2066
f 2065 2068 2067
f 2069 2070 2071
f 2069 2071 2072
f 2065 2066 2070
f 2065 2070 2069
f 2067 2068 2072
f 2067 2072 2071
f 2065 2069 2072
f 2065 2072 2068
f 2066 2067 2071
f 2066 2071 2070
f 2073 2075 2074
f 2073 2076 2075
f 2077 2078 2079
f 2077 2079 2080
f 2073 2074 2078
f 2073 2078 2077
f 2075 2076 2080
f 2075 2080 2079
f 2073 2077 2080
f 2073 2080 2076
f 2074 2075 2079
f 2074 2079 2078
f 2081 2083 2082
f 2081 2084 2083
f 2085 2086 2087
f 2085 2087 2088
f 2081 2082 2086
f 2081 2086 2085
f 2083 2084 2088
f 2083 2088 2087
f 2081 2085 2088
f 2081 2088 2084
f 2082 2083 2087
f 2082 2087 2086
f 2089 2091 2090
f 2089 2092 2091
f 2093 2094 2095
f 2093 2095 2096
f 2089 2090 2094
f 2089 2094 2093
f 2091 2092 2096
f 2091 2096 2095
f 2089 2093 2096
f 2089 2096 2092
f 2090 2091 2095
f 2090 2095 2094
f 2097 2099 2098
f 2097 2100 2099
f 2101 2102 2103
f 2101 2103 2104
f 2097 2098 2102
f 2097 2102 2101
f 2099 2100 2104
f 2099 2104 2103
f 2097 2101 2104
f 2097 2104 2100
f 2098 2099 2103
f 2098 2103 2102
f 2105 2107 2106
f 2105 2108 2107
f 2109 2110 2111
f 2109 2111 2112
f 2105 2106 2110
f 2105 2110 2109
f 2107 2108 2112
f 2107 2112 2111
f 2105 2109 2112
f 2105 2112 2108
f 2106 2107 2111
f 2106 2111 2110
f 2113 2115 2114
f 2113 2116 2115
f 2117 2118 2119
f 2117 2119 2120
f 2113 2114 2118
f 2113 2118 2117
f 2115 2116 2120
f 2115 2120 2119
f 2113 2117 2120
f 2113 2120 2116
f 2114 2115 2119
f 2114 2119 2118
f 2121 2123 2122
f 2121 2124 2123
f 2125 2126 2127
f 2125 2127 2128
f 2121 2122 2126
f 2121 2126 2125
f 2123 2124 2128
f 2123 2128 2127
f 2121 2125 2128
f 2121 2128 2124
f 2122 2123 2127
f 2122 2127 2126
f 2129 2131 2130
f 2129 2132 2131
f 2133 2134 2135
f 2133 2135 2136
f 2129 2130 2134
f 2129 2134 2133
f 2131 2132 2136
f 2131 2136 2135
f 2129 2133 2136
f 2129 2136 2132
f 2130 2131 2135
f 2130 2135 2134
f 2137 2139 2138
f 2137 2140 2139
f 2141 2142 2143
f 2141 2143 2144
f 2137 2138 2142
f 2137 2142 2141
f 2139 2140 2144
f 2139 2144 2143
f 2137 2141 2144
f 2137 2144 2140
f 2138 2139 2143
f 2138 2143 2142
f 2145 2147 2146
f 2145 2148 2147
f 2149 2150 2151
f 2149 2151 2152
f 2145 2146 2150
f 2145 2150 2149
f 2147 2148 2152
f 2147 2152 2151
f 2145 2149 2152
f 2145 2152 2148
f 2146 2147 2151
f 2146 2151 2150
f 2153 2155 2154
f 2153 2156 2155
f 2157 2158 2159
f 2157 2159 2160
f 2153 2154 2158
f 2153 2158 2157
f 2155 2156 2160
f 2155 2160 2159
f 2153 2157 2160
f 2153 2160 2156
f 2154 2155 2159
f 2154 2159 2158
f 2161 2163 2162
f 2161 2164 2163
f 2165 2166 2167
f 2165 2167 2168
f 2161 2162 2166
f 2161 2166 2165
f 2163 2164 2168
f 2163 2168 2167
f 2161 2165 2168
f 2161 2168 2164
f 2162 2163 2167
f 2162 2167 2166
f 2169 2171 2170
f 2169 2172 2171
f 2173 2174 2175
f 2173 2175 2176
f 2169 2170 2174
f 2169 2174 2173
f 2171 2172 2176
f 2171 2176 2175
f 2169 2173 2176
f 2169 2176 2172
f 2170 2171 2175
f 2170 2175 2174
f 2177 2179 2178
f 2177 2180 2179
f 2181 2182 2183
f 2181 2183 2184
f 2177 2178 2182
f 2177 2182 2181
f 2179 2180 2184
f 2179 2184 2183
f 2177 2181 2184
f 2177 2184 2180
f 2178 2179 2183
f 2178 2183 2182
f 2185 2187 2186
f 2185 2188 2187
f 2189 2190 2191
f 2189 2191 2192
f 2185 2186 2190
f 2185 2190 2189
f 2187 2188 2192
f 2187 2192 2191
f 2185 2189 2192
f 2185 2192 2188
f 2186 2187 2191
f 2186 2191 2190
f 2193 2195 2194
f 2193 2196 2195
f 2197 2198 2199
f 2197 2199 2200
f 2193 2194 2198
f 2193 2198 2197
f 2195 2196 2200
f 2195 2200 2199
f 2193 2197 2200
f 2193 2200 2196
f 2194 2195 2199
f 2194 2199 2198
f 2201 2203 2202
f 2201 2204 2203
f 2205 2206 2207
f 2205 2207 2208
f 2201 2202 2206
f 2201 2206 2205
f 2203 2204 2208
f 2203 2208 2207
f 2201 2205 2208
f 2201 2208 2204
f 2202 2203 2207
f 2202 2207 2206
f 2209 2211 2210
f 2209 2212 2211
f 2213 2214 2215
f 2213 2215 2216
f 2209 2210 2214
f 2209 2214 2213
f 2211 2212 2216
f 2211 2216 2215
f 2209 2213 2216
f 2209 2216 2212
f 2210 2211 2215
f 2210 2215 2214
f 2217 2219 2218
f 2217 2220 2219
f 2221 2222 2223
f 2221 2223 2224
f 2217 2218 2222
f 2217 2222 2221
f 2219 2220 2224
f 2219 2224 2223
f 2217 2221 2224
f 2217 2224 2220
f 2218 2219 2223
f 2218 2223 2222
f 2225 2227 2226
f 2225 2228 2227
f 2229 2230 2231
f 2229 2231 2232
f 2225 2226 2230
f 2225 2230 2229
f 2227 2228 2232
f 2227 2232 2231
f 2225 2229 2232
f 2225 2232 2228
f 2226 2227 2231
f 2226 2231 2230
f 2233 2235 2234
f 2233 2236 2235
f 2237 2238 2239
f 2237 2239 2240
f 2233 2234 2238
f 2233 2238 2237
f 2235 2236 2240
f 2235 2240 2239
f 2233 2237 2240
f 2233 2240 2236
f 2234 2235 2239
f 2234 2239 2238
f 2241 2243 2242
f 2241 2244 2243
f 2245 2246 2247
f 2245 2247 2248
f 2241 2242 2246
f 2241 2246 2245
f 2243 2244 2248
f 2243 2248 2247
f 2241 2245 2248
f 2241 2248 2244
f 2242 2243 2247
f 2242 2247 2246
f 2249 2251 2250
f 2249 2252 2251
f 2253 2254 2255
f 2253 2255 2256
f 2249 2250 2254
f 2249 2254 2253
f 2251 2252 2256
f 2251 2256 2255
f 2249 2253 2256
f 2249 2256 2252
f 2250 2251 2255
f 2250 2255 2254
f 2257 2259 2258
f 2257 2260 2259
f 2261 2262 2263
f 2261 2263 2264
f 2257 2258 2262
f 2257 2262 2261
f 2259 2260 2264
f 2259 2264 2263
f 2257 2261 2264
f 2257 2264 2260
f 2258 2259 2263
f 2258 2263 2262
f 2265 2267 2266
f 2265 2268 2267
f 2269 2270 2271
f 2269 2271 2272
f 2265 2266 2270
f 2265 2270 2269
f 2267 2268 2272
f 2267 2272 2271
f 2265 2269 2272
f 2265 2272 2268
f 2266 2267 2271
f 2266 2271 2270
f 2273 2275 2274
f 2273 2276 2275
f 2277 2278 2279
f 2277 2279 2280
f 2273 2274 2278
f 2273 2278 2277
f 2275 2276 2280
f 2275 2280 2279
f 2273 2277 2280
f 2273 2280 2276
f 2274 2275 2279
f 2274 2279 2278
f 2281 2283 2282
f 2281 2284 2283
f 2285 2286 2287
f 2285 2287 2288
f 2281 2282 2286
f 2281 2286 2285
f 2283 2284 2288
f 2283 2288 2287
f 2281 2285 2288
f 2281 2288 2284
f 2282 2283 2287
f 2282 2287 2286
f 2289 2291 2290
f 2289 2292 2291
f 2293 2294 2295
f 2293 2295 2296
f 2289 2290 2294
f 2289 2294 2293
f 2291 2292 2296
f 2291 2296 2295
f 2289 2293 2296
f 2289 2296 2292
f 2290 2291 2295
f 2290 2295 2294
f 2297 2299 2298
f 2297 2300 2299
f 2301 2302 2303
f 2301 2303 2304
f 2297 2298 2302
f 2297 2302 2301
f 2299 2300 2304
f 2299 2304 2303
f 2297 2301 2304
f 2297 2304 2300
f 2298 2299 2303
f 2298 2303 2302
f 2305 2307 2306
f 2305 2308 2307
f 2309 2310 2311
f 2309 2311 2312
f 2305 2306 2310
f 2305 2310 2309
f 2307 2308 2312
f 2307 2312 2311
f 2305 2309 2312
f 2305 2312 2308
f 2306 2307 2311
f 2306 2311 2310
f 2313 2315 2314
f 2313 2316 2315
f 2317 2318 2319
f 2317 2319 2320
f 2313 2314 2318
f 2313 2318 2317
f 2315 2316 2320
f 2315 2320 2319
f 2313 2317 2320
f 2313 2320 2316
f 2314 2315 2319
f 2314 2319 2318
f 2321 2323 2322
f 2321 2324 2323
f 2325 2326 2327
f 2325 2327 2328
f 2321 2322 2326
f 2321 2326 2325
f 2323 2324 2328
f 2323 2328 2327
f 2321 2325 2328
f 2321 2328 2324
f 2322 2323 2327
f 2322 2327 2326
f 2329 2331 2330
f 2329 2332 2331
f 2333 2334 2335
f 2333 2335 2336
f 2329 2330 2334
f 2329 2334 2333
f 2331 2332 2336
f 2331 2336 2335
f 2329 2333 2336
f 2329 2336 2332
f 2330 2331 2335
f 2330 2335 2334
f 2337 2339 2338
f 2337 2340 2339
f 2341 2342 2343
f 2341 2343 2344
f 2337 2338 2342
f 2337 2342 2341
f 2339 2340 2344
f 2339 2344 2343
f 2337 2341 2344
f 2337 2344 2340
f 2338 2339 2343
f 2338 2343 2342
f 2345 2347 2346
f 2345 2348 2347
f 2349 2350 2351
f 2349 2351 2352
f 2345 2346 2350
f 2345 2350 2349
f 2347 2348 2352
f 2347 2352 2351
f 2345 2349 2352
f 2345 2352 2348
f 2346 2347 2351
f 2346 2351 2350
f 2353 2355 2354
f 2353 2356 2355
f 2357 2358 2359
f 2357 2359 2360
f 2353 2354 2358
f 2353 2358 2357
f 2355 2356 2360
f 2355 2360 2359
f 2353 2357 2360
f 2353 2360 2356
f 2354 2355 2359
f 2354 2359 2358
f 2361 2363 2362
f 2361 2364 2363
f 2365 2366 2367
f 2365 2367 2368
f 2361 2362 2366
f 2361 2366 2365
f 2363 2364 2368
f 2363 2368 2367
f 2361 2365 2368
f 2361 2368 2364
f 2362 2363 2367
f 2362 2367 2366
f 2369 2371 2370
f 2369 2372 2371
f 2373 2374 2375
f 2373 2375 2376
f 2369 2370 2374
f 2369 2374 2373
f 2371 2372 2376
f 2371 2376 2375
f 2369 2373 2376
f 2369 2376 2372
f 2370 2371 2375
f 2370 2375 2374
f 2377 2379 2378
f 2377 2380 2379
f 2381 2382 2383
f 2381 2383 2384
f 2377 2378 2382
f 2377 2382 2381
f 2379 2380 2384
f 2379 2384 2383
f 2377 2381 2384
f 2377 2384 2380
f 2378 2379 2383
f 2378 2383 2382
f 2385 2387 2386
f 2385 2388 2387
f 2389 2390 2391
f 2389 2391 2392
f 2385 2386 2390
f 2385 2390 2389
f 2387 2388 2392
f 2387 2392 2391
f 2385 2389 2392
f 2385 2392 2388
f 2386 2387 2391
f 2386 2391 2390
f 2393 2395 2394
f 2393 2396 2395
f 2397 2398 2399
f 2397 2399 2400
f 2393 2394 2398
f 2393 2398 2397
f 2395 2396 2400
f 2395 2400 2399
f 2393 2397 2400
f 2393 2400 2396
f 2394 2395 2399
f 2394 2399 2398
f 2401 2403 2402
f 2401 2404 2403
f 2405 2406 2407
f 2405 2407 2408
f 2401 2402 2406
f 2401 2406 2405
f 2403 2404 2408
f 2403 2408 2407
f 2401 2405 2408
f 2401 2408 2404
f 2402 2403 2407
f 2402 2407 2406
f 2409 2411 2410
f 2409 2412 2411
f 2413 2414 2415
f 2413 2415 2416
f 2409 2410 2414
f 2409 2414 2413
f 2411 2412 2416
f 2411 2416 2415
f 2409 2413 2416
f 2409 2416 2412
f 2410 2411 2415
f 2410 2415 2414
f 2417 2419 2418
f 2417 2420 2419
f 2421 2422 2423
f 2421 2423 2424
f 2417 2418 2422
f 2417 2422 2421
f 2419 2420 2424
f 2419 2424 2423
f 2417 2421 2424
f 2417 2424 2420
f 2418 2419 2423
f 2418 2423 2422
f 2425 2427 2426
f 2425 2428 2427
f 2429 2430 2431
f 2429 2431 2432
f 2425 2426 2430
f 2425 2430 2429
f 2427 2428 2432
f 2427 2432 2431
f 2425 2429 2432
f 2425 2432 2428
f 2426 2427 2431
f 2426 2431 2430
f 2433 2435 2434
f 2433 2436 2435
f 2437 2438 2439
f 2437 2439 2440
f 2433 2434 2438
f 2433 2438 2437
f 2435 2436 2440
f 2435 2440 2439
f 2433 2437 2440
f 2433 2440 2436
f 2434 2435 2439
f 2434 2439 2438
f 2441 2443 2442
f 2441 2444 2443
f 2445 2446 2447
f 2445 2447 2448
f 2441 2442 2446
f 2441 2446 2445
f 2443 2444 2448
f 2443 2448 2447
f 2441 2445 2448
f 2441 2448 2444
f 2442 2443 2447
f 2442 2447 2446
f 2449 2451 2450
f 2449 2452 2451
f 2453 2454 2455
f 2453 2455 2456
f 2449 2450 2454
f 2449 2454 2453
f 2451 2452 2456
f 2451 2456 2455
f 2449 2453 2456
f 2449 2456 2452
f 2450 2451 2455
f 2450 2455 2454
f 2457 2459 2458
f 2457 2460 2459
f 2461 2462 2463
f 2461 2463 2464
f 2457 2458 2462
f 2457 2462 2461
f 2459 2460 2464
f 2459 2464 2463
f 2457 2461 2464
f 2457 2464 2460
f 2458 2459 2463
f 2458 2463 2462
f 2465 2467 2466
f 2465 2468 2467
f 2469 2470 2471
f 2469 2471 2472
f 2465 2466 2470
f 2465 2470 2469
f 2467 2468 2472
f 2467 2472 2471
f 2465 2469 2472
f 2465 2472 2468
f 2466 2467 2471
f 2466 2471 2470
f 2473 2475 2474
f 2473 2476 2475
f 2477 2478 2479
f 2477 2479 2480
f 2473 2474 2478
f 2473 2478 2477
f 2475 2476 2480
f 2475 2480 2479
f 2473 2477 2480
f 2473 2480 2476
f 2474 2475 2479
f 2474 2479 2478
f 2481 2483 2482
f 2481 2484 2483
f 2485 2486 2487
f 2485 2487 2488
f 2481 2482 2486
f 2481 2486 2485
f 2483 2484 2488
f 2483 2488 2487
f 2481 2485 2488
f 2481 2488 2484
f 2482 2483 2487
f 2482 2487 2486
f 2489 2491 2490
f 2489 2492 2491
f 2493 2494 2495
f 2493 2495 2496
f 2489 2490 2494
f 2489 2494 2493
f 2491 2492 2496
f 2491 2496 2495
f 2489 2493 2496
f 2489 2496 2492
f 2490 2491 2495
f 2490 2495 2494
f 2497 2499 2498
f 2497 2500 2499
f 2501 2502 2503
f 2501 2503 2504
f 2497 2498 2502
f 2497 2502 2501
f 2499 2500 2504
f 2499 2504 2503
f 2497 2501 2504
f 2497 2504 2500
f 2498 2499 2503
f 2498 2503 2502
f 2505 2507 2506
f 2505 2508 2507
f 2509 2510 2511
f 2509 2511 2512
f 2505 2506 2510
f 2505 2510 2509
f 2507 2508 2512
f 2507 2512 2511
f 2505 2509 2512
f 2505 2512 2508
f 2506 2507 2511
f 2506 2511 2510
f 2513 2515 2514
f 2513 2516 2515
f 2517 2518 2519
f 2517 2519 2520
f 2513 2514 2518
f 2513 2518 2517
f 2515 2516 2520
f 2515 2520 2519
f 2513 2517 2520
f 2513 2520 2516
f 2514 2515 2519
f 2514 2519 2518
f 2521 2523 2522
f 2521 2524 2523
f 2525 2526 2527
f 2525 2527 2528
f 2521 2522 2526
f 2521 2526 2525
f 2523 2524 2528
f 2523 2528 2527
f 2521 2525 2528
f 2521 2528 2524
f 2522 2523 2527
f 2522 2527 2526
f 2529 2531 2530
f 2529 2532 2531
f 2533 2534 2535
f 2533 2535 2536
f 2529 2530 2534
f 2529 2534 2533
f 2531 2532 2536
f 2531 2536 2535
f 2529 2533 2536
f 2529 2536 2532
f 2530 2531 2535
f 2530 2535 2534
f 2537 2539 2538
f 2537 2540 2539
f 2541 2542 2543
f 2541 2543 2544
f 2537 2538 2542
f 2537 2542 2541
f 2539 2540 2544
f 2539 2544 2543
f 2537 2541 2544
f 2537 2544 2540
f 2538 2539 2543
f 2538 2543 2542
f 2545 2547 2546
f 2545 2548 2547
f 2549 2550 2551
f 2549 2551 2552
f 2545 2546 2550
f 2545 2550 2549
f 2547 2548 2552
f 2547 2552 2551
f 2545 2549 2552
f 2545 2552 2548
f 2546 2547 2551
f 2546 2551 2550
f 2553 2555 2554
f 2553 2556 2555
f 2557 2558 2559
f 2557 2559 2560
f 2553 2554 2558
f 2553 2558 2557
f 2555 2556 2560
f 2555 2560 2559
f 2553 2557 2560
f 2553 2560 2556
f 2554 2555 2559
f 2554 2559 2558
f 2561 2563 2562
f 2561 2564 2563
f 2565 2566 2567
f 2565 2567 2568
f 2561 2562 2566
f 2561 2566 2565
f 2563 2564 2568
f 2563 2568 2567
f 2561 2565 2568
f 2561 2568 2564
f 2562 2563 2567
f 2562 2567 2566
f 2569 2571 2570
f 2569 2572 2571
f 2573 2574 2575
f 2573 2575 2576
f 2569 2570 2574
f 2569 2574 2573
f 2571 2572 2576
f 2571 2576 2575
f 2569 2573 2576
f 2569 2576 2572
f 2570 2571 2575
f 2570 2575 2574
f 2577 2579 2578
f 2577 2580 2579
f 2581 2582 2583
f 2581 2583 2584
f 2577 2578 2582
f 2577 2582 2581
f 2579 2580 2584
f 2579 2584 2583
f 2577 2581 2584
f 2577 2584 2580
f 2578 2579 2583
f 2578 2583 2582
f 2585 2587 2586
f 2585 2588 2587
f 2589 2590 2591
f 2589 2591 2592
f 2585 2586 2590
f 2585 2590 2589
f 2587 2588 2592
f 2587 2592 2591
f 2585 2589 2592
f 2585 2592 2588
f 2586 2587 2591
f 2586 2591 2590
f 2593 2595 2594
f 2593 2596 2595
f 2597 2598 2599
f 2597 2599 2600
f 2593 2594 2598
f 2593 2598 2597
f 2595 2596 2600
f 2595 2600 2599
f 2593 2597 2600
f 2593 2600 2596
f 2594 2595 2599
f 2594 2599 2598
f 2601 2603 2602
f 2601 2604 2603
f 2605 2606 2607
f 2605 2607 2608
f 2601 2602 2606
f 2601 2606 2605
f 2603 2604 2608
f 2603 2608 2607
f 2601 2605 2608
f 2601 2608 2604
f 2602 2603 2607
f 2602 2607 2606
f 2609 2611 2610
f 2609 2612 2611
f 2613 2614 2615
f 2613 2615 2616
f 2609 2610 2614
f 2609 2614 2613
f 2611 2612 2616
f 2611 2616 2615
f 2609 2613 2616
f 2609 2616 2612
f 2610 2611 2615
f 2610 2615 2614
f 2617 2619 2618
f 2617 2620 2619
f 2621 2622 2623
f 2621 2623 2624
f 2617 2618 2622
f 2617 2622 2621
f 2619 2620 2624
f 2619 2624 2623
f 2617 2621 2624
f 2617 2624 2620
f 2618 2619 2623
f 2618 2623 2622
f 2625 2627 2626
f 2625 2628 2627
f 2629 2630 2631
f 2629 2631 2632
f 2625 2626 2630
f 2625 2630 2629
f 2627 2628 2632
f 2627 2632 2631
f 2625 2629 2632
f 2625 2632 2628
f 2626 2627 2631
f 2626 2631 2630
f 2633 2635 2634
f 2633 2636 2635
f 2637 2638 2639
f 2637 2639 2640
f 2633 2634 2638
f 2633 2638 2637
f 2635 2636 2640
f 2635 2640 2639
f 2633 2637 2640
f 2633 2640 2636
f 2634 2635 2639
f 2634 2639 2638
f 2641 2643 2642
f 2641 2644 2643
f 2645 2646 2647
f 2645 2647 2648
f 2641 2642 2646
f 2641 2646 2645
f 2643 2644 2648
f 2643 2648 2647
f 2641 2645 2648
f 2641 2648 2644
f 2642 2643 2647
f 2642 2647 2646
f 2649 2651 2650
f 2649 2652 2651
f 2653 2654 2655
f 2653 2655 2656
f 2649 2650 2654
f 2649 2654 2653
f 2651 2652 2656
f 2651 2656 2655
f 2649 2653 2656
f 2649 2656 2652
f 2650 2651 2655
f 2650 2655 2654
f 2657 2659 2658
f 2657 2660 2659
f 2661 2662 2663
f 2661 2663 2664
f 2657 2658 2662
f 2657 2662 2661
f 2659 2660 2664
f 2659 2664 2663
f 2657 2661 2664
f 2657 2664 2660
f 2658 2659 2663
f 2658 2663 2662
f 2665 2667 2666
f 2665 2668 2667
f 2669 2670 2671
f 2669 2671 2672
f 2665 2666 2670
f 2665 2670 2669
f 2667 2668 2672
f 2667 2672 2671
f 2665 2669 2672
f 2665 2672 2668
f 2666 2667 2671
f 2666 2671 2670
f 2673 2675 2674
f 2673 2676 2675
f 2677 2678 2679
f 2677 2679 2680
f 2673 2674 2678
f 2673 2678 2677
f 2675 2676 2680
f 2675 2680 2679
f 2673 2677 2680
f 2673 2680 2676
f 2674 2675 2679
f 2674 2679 2678
f 2681 2683 2682
f 2681 2684 2683
f 2685 2686 2687
f 2685 2687 2688
f 2681 2682 2686
f 2681 2686 2685
f 2683 2684 2688
f 2683 2688 2687
f 2681 2685 2688
f 2681 2688 2684
f 2682 2683 2687
f 2682 2687 2686
f 2689 2691 2690
f 2689 2692 2691
f 2693 2694 2695
f 2693 2695 2696
f 2689 2690 2694
f 2689 2694 2693
f 2691 2692 2696
f 2691 2696 2695
f 2689 2693 2696
f 2689 2696 2692
f 2690 2691 2695
f 2690 2695 2694
f 2697 2699 2698
f 2697 2700 2699
f 2701 2702 2703
f 2701 2703 2704
f 2697 2698 2702
f 2697 2702 2701
f 2699 2700 2704
f 2699 2704 2703
f 2697 2701 2704
f 2697 2704 2700
f 2698 2699 2703
f 2698 2703 2702
f 2705 2707 2706
f 2705 2708 2707
f 2709 2710 2711
f 2709 2711 2712
f 2705 2706 2710
f 2705 2710 2709
f 2707 2708 2712
f 2707 2712 2711
f 2705 2709 2712
f 2705 2712 2708
f 2706 2707 2711
f 2706 2711 2710
f 2713 2715 2714
f 2713 2716 2715
f 2717 2718 2719
f 2717 2719 2720
f 2713 2714 2718
f 2713 2718 2717
f 2715 2716 2720
f 2715 2720 2719
f 2713 2717 2720
f 2713 2720 2716
f 2714 2715 2719
f 2714 2719 2718
f 2721 2723 2722
f 2721 2724 2723
f 2725 2726 2727
f 2725 2727 2728
f 2721 2722 2726
f 2721 2726 2725
f 2723 2724 2728
f 2723 2728 2727
f 2721 2725 2728
f 2721 2728 2724
f 2722 2723 2727
f 2722 2727 2726
f 2729 2731 2730
f 2729 2732 2731
f 2733 2734 2735
f 2733 2735 2736
f 2729 2730 2734
f 2729 2734 2733
f 2731 2732 2736
f 2731 2736 2735
f 2729 2733 2736
f 2729 2736 2732
f 2730 2731 2735
f 2730 2735 2734
f 2737 2739 2738
f 2737 2740 2739
f 2741 2742 2743
f 2741 2743 2744
f 2737 2738 2742
f 2737 2742 2741
f 2739 2740 2744
f 2739 2744 2743
f 2737 2741 2744
f 2737 2744 2740
f 2738 2739 2743
f 2738 2743 2742
f 2745 2747 2746
f 2745 2748 2747
f 2749 2750 2751
f 2749 2751 2752
f 2745 2746 2750
f 2745 2750 2749
f 2747 2748 2752
f 2747 2752 2751
f 2745 2749 2752
f 2745 2752 2748
f 2746 2747 2751
f 2746 2751 2750
f 2753 2755 2754
f 2753 2756 2755
f 2757 2758 2759
f 2757 2759 2760
f 2753 2754 2758
f 2753 2758 2757
f 2755 2756 2760
f 2755 2760 2759
f 2753 2757 2760
f 2753 2760 2756
f 2754 2755 2759
f 2754 2759 2758
f 2761 2763 2762
f 2761 2764 2763
f 2765 2766 2767
f 2765 2767 2768
f 2761 2762 2766
f 2761 2766 2765
f 2763 2764 2768
f 2763 2768 2767
f 2761 2765 2768
f 2761 2768 2764
f 2762 2763 2767
f 2762 2767 2766
f 2769 2771 2770
f 2769 2772 2771
f 2773 2774 2775
f 2773 2775 2776
f 2769 2770 2774
f 2769 2774 2773
f 2771 2772 2776
f 2771 2776 2775
f 2769 2773 2776
f 2769 2776 2772
f 2770 2771 2775
f 2770 2775 2774
f 2777 2779 2778
f 2777 2780 2779
f 2781 2782 2783
f 2781 2783 2784
f 2777 2778 2782
f 2777 2782 2781
f 2779 2780 2784
f 2779 2784 2783
f 2777 2781 2784
f 2777 2784 2780
f 2778 2779 2783
f 2778 2783 2782
f 2785 2787 2786
f 2785 2788 2787
f 2789 2790 2791
f 2789 2791 2792
f 2785 2786 2790
f 2785 2790 2789
f 2787 2788 2792
f 2787 2792 2791
f 2785 2789 2792
f 2785 2792 2788
f 2786 2787 2791
f 2786 2791 2790
f 2793 2795 2794
f 2793 2796 2795
f 2797 2798 2799
f 2797 2799 2800
f 2793 2794 2798
f 2793 2798 2797
f 2795 2796 2800
f 2795 2800 2799
f 2793 2797 2800
f 2793 2800 2796
f 2794 2795 2799
f 2794 2799 2798
f 2801 2803 2802
f 2801 2804 2803
f 2805 2806 2807
f 2805 2807 2808
f 2801 2802 2806
f 2801 2806 2805
f 2803 2804 2808
f 2803 2808 2807
f 2801 2805 2808
f 2801 2808 2804
f 2802 2803 2807
f 2802 2807 2806
f 2809 2811 2810
f 2809 2812 2811
f 2813 2814 2815
f 2813 2815 2816
f 2809 2810 2814
f 2809 2814 2813
f 2811 2812 2816
f 2811 2816 2815
f 2809 2813 2816
f 2809 2816 2812
f 2810 2811 2815
f 2810 2815 2814
f 2817 2819 2818
f 2817 2820 2819
f 2821 2822 2823
f 2821 2823 2824
f 2817 2818 2822
f 2817 2822 2821
f 2819 2820 2824
f 2819 2824 2823
f 2817 2821 2824
f 2817 2824 2820
f 2818 2819 2823
f 2818 2823 2822
f 2825 2827 2826
f 2825 2828 2827
f 2829 2830 2831
f 2829 2831 2832
f 2825 2826 2830
f 2825 2830 2829
f 2827 2828 2832
f 2827 2832 2831
f 2825 2829 2832
f 2825 2832 2828
f 2826 2827 2831
f 2826 2831 2830
f 2833 2835 2834
f 2833 2836 2835
f 2837 2838 2839
f 2837 2839 2840
f 2833 2834 2838
f 2833 2838 2837
f 2835 2836 2840
f 2835 2840 2839
f 2833 2837 2840
f 2833 2840 2836
f 2834 2835 2839
f 2834 2839 2838
f 2841 2843 2842
f 2841 2844 2843
f 2845 2846 2847
f 2845 2847 2848
f 2841 2842 2846
f 2841 2846 2845
f 2843 2844 2848
f 2843 2848 2847
f 2841 2845 2848
f 2841 2848 2844
f 2842 2843 2847
f 2842 2847 2846
f 2849 2851 2850
f 2849 2852 2851
f 2853 2854 2855
f 2853 2855 2856
f 2849 2850 2854
f 2849 2854 2853
f 2851 2852 2856
f 2851 2856 2855
f 2849 2853 2856
f 2849 2856 2852
f 2850 2851 2855
f 2850 2855 2854
f 2857 2859 2858
f 2857 2860 2859
f 2861 2862 2863
f 2861 2863 2864
f 2857 2858 2862
f 2857 2862 2861
f 2859 2860 2864
f 2859 2864 2863
f 2857 2861 2864
f 2857 2864 2860
f 2858 2859 2863
f 2858 2863 2862
f 2865 2867 2866
f 2865 2868 2867
f 2869 2870 2871
f 2869 2871 2872
f 2865 2866 2870
f 2865 2870 2869
f 2867 2868 2872
f 2867 2872 2871
f 2865 2869 2872
f 2865 2872 2868
f 2866 2867 2871
f 2866 2871 2870
f 2873 2875 2874
f 2873 2876 2875
f 2877 2878 2879
f 2877 2879 2880
f 2873 2874 2878
f 2873 2878 2877
f 2875 2876 2880
f 2875 2880 2879
f 2873 2877 2880
f 2873 2880 2876
f 2874 2875 2879
f 2874 2879 2878
f 2881 2883 2882
f 2881 2884 2883
f 2885 2886 2887
f 2885 2887 2888
f 2881 2882 2886
f 2881 2886 2885
f 2883 2884 2888
f 2883 2888 2887
f 2881 2885 2888
f 2881 2888 2884
f 2882 2883 2887
f 2882 2887 2886
f 2889 2891 2890
f 2889 2892 2891
f 2893 2894 2895
f 2893 2895 2896
f 2889 2890 2894
f 2889 2894 2893
f 2891 2892 2896
f 2891 2896 2895
f 2889 2893 2896
f 2889 2896 2892
f 2890 2891 2895
f 2890 2895 2894
f 2897 2899 2898
f 2897 2900 2899
f 2901 2902 2903
f 2901 2903 2904
f 2897 2898 2902
f 2897 2902 2901
f 2899 2900 2904
f 2899 2904 2903
f 2897 2901 2904
f 2897 2904 2900
f 2898 2899 2903
f 2898 2903 2902
f 2905 2907 2906
f 2905 2908 2907
f 2909 2910 2911
f 2909 2911 2912
f 2905 2906 2910
f 2905 2910 2909
f 2907 2908 2912
f 2907 2912 2911
f 2905 2909 2912
f 2905 2912 2908
f 2906 2907 2911
f 2906 2911 2910
f 2913 2915 2914
f 2913 2916 2915
f 2917 2918 2919
f 2917 2919 2920
f 2913 2914 2918
f 2913 2918 2917
f 2915 2916 2920
f 2915 2920 2919
f 2913 2917 2920
f 2913 2920 2916
f 2914 2915 2919
f 2914 2919 2918
f 2921 2923 2922
f 2921 2924 2923
f 2925 2926 2927
f 2925 2927 2928
f 2921 2922 2926
f 2921 2926 2925
f 2923 2924 2928
f 2923 2928 2927
f 2921 2925 2928
f 2921 2928 2924
f 2922 2923 2927
f 2922 2927 2926
f 2929 2931 2930
f 2929 2932 2931
f 2933 2934 2935
f 2933 2935 2936
f 2929 2930 2934
f 2929 2934 2933
f 2931 2932 2936
f 2931 2936 2935
f 2929 2933 2936
f 2929 2936 2932
f 2930 2931 2935
f 2930 2935 2934
f 2937 2939 2938
f 2937 2940 2939
f 2941 2942 2943
f 2941 2943 2944
f 2937 2938 2942
f 2937 2942 2941
f 2939 2940 2944
f 2939 2944 2943
f 2937 2941 2944
f 2937 2944 2940
f 2938 2939 2943
f 2938 2943 2942
f 2945 2947 2946
f 2945 2948 2947
f 2949 2950 2951
f 2949 2951 2952
f 2945 2946 2950
f 2945 2950 2949
f 2947 2948 2952
f 2947 2952 2951
f 2945 2949 2952
f 2945 2952 2948
f 2946 2947 2951
f 2946 2951 2950
f 2953 2955 2954
f 2953 2956 2955
f 2957 2958 2959
f 2957 2959 2960
f 2953 2954 2958
f 2953 2958 2957
f 2955 2956 2960
f 2955 2960 2959
f 2953 2957 2960
f 2953 2960 2956
f 2954 2955 2959
f 2954 2959 2958
f 2961 2963 2962
f 2961 2964 2963
f 2965 2966 2967
f 2965 2967 2968
f 2961 2962 2966
f 2961 2966 2965
f 2963 2964 2968
f 2963 2968 2967
f 2961 2965 2968
f 2961 2968 2964
f 2962 2963 2967
f 2962 2967 2966
f 2969 2971 2970
f 2969 2972 2971
f 2973 2974 2975
f 2973 2975 2976
f 2969 2970 2974
f 2969 2974 2973
f 2971 2972 2976
f 2971 2976 2975
f 2969 2973 2976
f 2969 2976 2972
f 2970 2971 2975
f 2970 2975 2974
f 2977 2979 2978
f 2977 2980 2979
f 2981 2982 2983
f 2981 2983 2984
f 2977 2978 2982
f 2977 2982 2981
f 2979 2980 2984
f 2979 2984 2983
f 2977 2981 2984
f 2977 2984 2980
f 2978 2979 2983
f 2978 2983 2982
f 2985 2987 2986
f 2985 2988 2987
f 2989 2990 2991
f 2989 2991 2992
f 2985 2986 2990
f 2985 2990 2989
f 2987 2988 2992
f 2987 2992 2991
f 2985 2989 2992
f 2985 2992 2988
f 2986 2987 2991
f 2986 2991 2990
f 2993 2995 2994
f 2993 2996 2995
f 2997 2998 2999
f 2997 2999 3000
f 2993 2994 2998
f 2993 2998 2997
f 2995 2996 3000
f 2995 3000 2999
f 2993 2997 3000
f 2993 3000 2996
f 2994 2995 2999
f 2994 2999 2998
f 3001 3013 3014
f 3001 3014 3002
f 3025 3002 3001
f 3026 3013 3014
f 3002 3014 3015
f 3002 3015 3003
f 3025 3003 3002
f 3026 3014 3015
f 3003 3015 3016
f 3003 3016 3004
f 3025 3004 3003
f 3026 3015 3016
f 3004 3016 3017
f 3004 3017 3005
f 3025 3005 3004
f 3026 3016 3017
f 3005 3017 3018
f 3005 3018 3006
f 3025 3006 3005
f 3026 3017 3018
f 3006 3018 3019
f 3006 3019 3007
f 3025 3007 3006
f 3026 3018 3019
f 3007 3019 3020
f 3007 3020 3008
f 3025 3008 3007
f 3026 3019 3020
f 3008 3020 3021
f 3008 3021 3009
f 3025 3009 3008
f 3026 3020 3021
f 3009 3021 3022
f 3009 3022 3010
f 3025 3010 3009
f 3026 3021 3022
f 3010 3022 3023
f 3010 3023 3011
f 3025 3011 3010
f 3026 3022 3023
f 3011 3023 3024
f 3011 3024 3012
f 3025 3012 3011
f 3026 3023 3024
f 3012 3024 3013
f 3012 3013 3001
f 3025 3001 3012
f 3026 3024 3013
f 3027 3039 3040
f 3027 3040 3028
f 3051 3028 3027
f 3052 3039 3040
f 3028 3040 3041
f 3028 3041 3029
f 3051 3029 3028
f 3052 3040 3041
f 3029 3041 3042
f 3029 3042 3030
f 3051 3030 3029
f 3052 3041 3042
f 3030 3042 3043
f 3030 3043 3031
f 3051 3031 3030
f 3052 3042 3043
f 3031 3043 3044
f 3031 3044 3032
f 3051 3032 3031
f 3052 3043 3044
f 3032 3044 3045
f 3032 3045 3033
f 3051 3033 3032
f 3052 3044 3045
f 3033 3045 3046
f 3033 3046 3034
f 3051 3034 3033
f 3052 3045 3046
f 3034 3046 3047
f 3034 3047 3035
f 3051 3035 3034
f 3052 3046 3047
f 3035 3047 3048
f 3035 3048 3036
f 3051 3036 3035
f 3052 3047 3048
f 3036 3048 3049
f 3036 3049 3037
f 3051 3037 3036
f 3052 3048 3049
f 3037 3049 3050
f 3037 3050 3038
f 3051 3038 3037
f 3052 3049 3050
f 3038 3050 3039
f 3038 3039 3027
f 3051 3027 3038
f 3052 3050 3039
f 3053 3065 3066
f 3053 3066 3054
f 3077 3054 3053
f 3078 3065 3066
f 3054 3066 3067
f 3054 3067 3055
f 3077 3055 3054
f 3078 3066 3067
f 3055 3067 3068
f 3055 3068 3056
f 3077 3056 3055
f 3078 3067 3068
f 3056 3068 3069
f 3056 3069 3057
f 3077 3057 3056
f 3078 3068 3069
f 3057 3069 3070
f 3057 3070 3058
f 3077 3058 3057
f 3078 3069 3070
f 3058 3070 3071
f 3058 3071 3059
f 3077 3059 3058
f 3078 3070 3071
f 3059 3071 3072
f 3059 3072 3060
f 3077 3060 3059
f 3078 3071 3072
f 3060 3072 3073
f 3060 3073 3061
f 3077 3061 3060
f 3078 3072 3073
f 3061 3073 3074
f 3061 3074 3062
f 3077 3062 3061
f 3078 3073 3074
f 3062 3074 3075
f 3062 3075 3063
f 3077 3063 3062
f 3078 3074 3075
f 3063 3075 3076
f 3063 3076 3064
f 3077 3064 3063
f 3078 3075 3076
f 3064 3076 3065
f 3064 3065 3053
f 3077 3053 3064
f 3078 3076 3065
f 3079 3091 3092
f 3079 3092 3080
f 3103 3080 3079
f 3104 3091 3092
f 3080 3092 3093
f 3080 3093 3081
f 3103 3081 3080
f 3104 3092 3093
f 3081 3093 3094
f 3081 3094 3082
f 3103 3082 3081
f 3104 3093 3094
f 3082 3094 3095
f 3082 3095 3083
f 3103 3083 3082
f 3104 3094 3095
f 3083 3095 3096
f 3083 3096 3084
f 3103 3084 3083
f 3104 3095 3096
f 3084 3096 3097
f 3084 3097 3085
f 3103 3085 3084
f 3104 3096 3097
f 3085 3097 3098
f 3085 3098 3086
f 3103 3086 3085
f 3104 3097 3098
f 3086 3098 3099
f 3086 3099 3087
f 3103 3087 3086
f 3104 3098 3099
f 3087 3099 3100
f 3087 3100 3088
f 3103 3088 3087
f 3104 3099 3100
f 3088 3100 3101
f 3088 3101 3089
f 3103 3089 3088
f 3104 3100 3101
f 3089 3101 3102
f 3089 3102 3090
f 3103 3090 3089
f 3104 3101 3102
f 3090 3102 3091
f 3090 3091 3079
f 3103 3079 3090
f 3104 3102 3091
